Year,Month,Rainfall_mm,Max_Temp_C,Min_Temp_C,Block,DecadalAvg_Pre_m,DecadalAvg_Post_m,Soil_Type,pH,EC_ÂµS_cm,Ca_mgL,Mg_mgL,Cl_mgL,F_mgL,NO3_mgL,TH_mgL_as_CaCO3
2006,Jan,11.7,30.7,23.9,Ambalapuzha,2.2,1.1,Coastal Alluvium,,,,,,,,
2006,Jan,11.7,30.7,23.9,Aryad,1.62,0.88,Coastal Alluvium,,,,,,,,
2006,Jan,11.7,30.7,23.9,Bharanikkavu,7.91,6.27,Lateritic Soil,,,,,,,,
2006,Jan,11.7,30.7,23.9,Champakulam,1.5,0.44,Riverine Alluvium,,,,,,,,
2006,Jan,11.7,30.7,23.9,Chengannur,4.36,2.78,Lateritic Soil,,,,,,,,
2006,Jan,11.7,30.7,23.9,Haripad,1.65,0.71,Coastal Alluvium,,,,,,,,
2006,Jan,11.7,30.7,23.9,Kanjikuzhy,1.71,1.12,Lateritic Soil,,,,,,,,
2006,Jan,11.7,30.7,23.9,Mavelikkara,3.34,1.7,Lateritic Soil,,,,,,,,
2006,Jan,11.7,30.7,23.9,Muthukulam,2.89,1.57,Coastal Alluvium,,,,,,,,
2006,Jan,11.7,30.7,23.9,Pattanakad,1.98,0.9,Coastal Alluvium,,,,,,,,
2006,Jan,11.7,30.7,23.9,Thaikkatussery,2.23,1.06,Coastal Alluvium,,,,,,,,
2006,Jan,11.7,30.7,23.9,Veliyanad,0.84,0.45,Riverine Alluvium,,,,,,,,
2006,Feb,0.0,30.7,23.9,Ambalapuzha,2.2,1.1,Coastal Alluvium,,,,,,,,
2006,Feb,0.0,30.7,23.9,Aryad,1.62,0.88,Coastal Alluvium,,,,,,,,
2006,Feb,0.0,30.7,23.9,Bharanikkavu,7.91,6.27,Lateritic Soil,,,,,,,,
2006,Feb,0.0,30.7,23.9,Champakulam,1.5,0.44,Riverine Alluvium,,,,,,,,
2006,Feb,0.0,30.7,23.9,Chengannur,4.36,2.78,Lateritic Soil,,,,,,,,
2006,Feb,0.0,30.7,23.9,Haripad,1.65,0.71,Coastal Alluvium,,,,,,,,
2006,Feb,0.0,30.7,23.9,Kanjikuzhy,1.71,1.12,Lateritic Soil,,,,,,,,
2006,Feb,0.0,30.7,23.9,Mavelikkara,3.34,1.7,Lateritic Soil,,,,,,,,
2006,Feb,0.0,30.7,23.9,Muthukulam,2.89,1.57,Coastal Alluvium,,,,,,,,
2006,Feb,0.0,30.7,23.9,Pattanakad,1.98,0.9,Coastal Alluvium,,,,,,,,
2006,Feb,0.0,30.7,23.9,Thaikkatussery,2.23,1.06,Coastal Alluvium,,,,,,,,
2006,Feb,0.0,30.7,23.9,Veliyanad,0.84,0.45,Riverine Alluvium,,,,,,,,
2006,Mar,58.4,30.7,23.9,Ambalapuzha,2.2,1.1,Coastal Alluvium,,,,,,,,
2006,Mar,58.4,30.7,23.9,Aryad,1.62,0.88,Coastal Alluvium,,,,,,,,
2006,Mar,58.4,30.7,23.9,Bharanikkavu,7.91,6.27,Lateritic Soil,,,,,,,,
2006,Mar,58.4,30.7,23.9,Champakulam,1.5,0.44,Riverine Alluvium,,,,,,,,
2006,Mar,58.4,30.7,23.9,Chengannur,4.36,2.78,Lateritic Soil,,,,,,,,
2006,Mar,58.4,30.7,23.9,Haripad,1.65,0.71,Coastal Alluvium,,,,,,,,
2006,Mar,58.4,30.7,23.9,Kanjikuzhy,1.71,1.12,Lateritic Soil,,,,,,,,
2006,Mar,58.4,30.7,23.9,Mavelikkara,3.34,1.7,Lateritic Soil,,,,,,,,
2006,Mar,58.4,30.7,23.9,Muthukulam,2.89,1.57,Coastal Alluvium,,,,,,,,
2006,Mar,58.4,30.7,23.9,Pattanakad,1.98,0.9,Coastal Alluvium,,,,,,,,
2006,Mar,58.4,30.7,23.9,Thaikkatussery,2.23,1.06,Coastal Alluvium,,,,,,,,
2006,Mar,58.4,30.7,23.9,Veliyanad,0.84,0.45,Riverine Alluvium,,,,,,,,
2006,Apr,73.6,30.7,23.9,Ambalapuzha,2.2,1.1,Coastal Alluvium,,,,,,,,
2006,Apr,73.6,30.7,23.9,Aryad,1.62,0.88,Coastal Alluvium,,,,,,,,
2006,Apr,73.6,30.7,23.9,Bharanikkavu,7.91,6.27,Lateritic Soil,,,,,,,,
2006,Apr,73.6,30.7,23.9,Champakulam,1.5,0.44,Riverine Alluvium,,,,,,,,
2006,Apr,73.6,30.7,23.9,Chengannur,4.36,2.78,Lateritic Soil,,,,,,,,
2006,Apr,73.6,30.7,23.9,Haripad,1.65,0.71,Coastal Alluvium,,,,,,,,
2006,Apr,73.6,30.7,23.9,Kanjikuzhy,1.71,1.12,Lateritic Soil,,,,,,,,
2006,Apr,73.6,30.7,23.9,Mavelikkara,3.34,1.7,Lateritic Soil,,,,,,,,
2006,Apr,73.6,30.7,23.9,Muthukulam,2.89,1.57,Coastal Alluvium,,,,,,,,
2006,Apr,73.6,30.7,23.9,Pattanakad,1.98,0.9,Coastal Alluvium,,,,,,,,
2006,Apr,73.6,30.7,23.9,Thaikkatussery,2.23,1.06,Coastal Alluvium,,,,,,,,
2006,Apr,73.6,30.7,23.9,Veliyanad,0.84,0.45,Riverine Alluvium,,,,,,,,
2006,May,495.3,30.7,23.9,Ambalapuzha,2.2,1.1,Coastal Alluvium,,,,,,,,
2006,May,495.3,30.7,23.9,Aryad,1.62,0.88,Coastal Alluvium,,,,,,,,
2006,May,495.3,30.7,23.9,Bharanikkavu,7.91,6.27,Lateritic Soil,,,,,,,,
2006,May,495.3,30.7,23.9,Champakulam,1.5,0.44,Riverine Alluvium,,,,,,,,
2006,May,495.3,30.7,23.9,Chengannur,4.36,2.78,Lateritic Soil,,,,,,,,
2006,May,495.3,30.7,23.9,Haripad,1.65,0.71,Coastal Alluvium,,,,,,,,
2006,May,495.3,30.7,23.9,Kanjikuzhy,1.71,1.12,Lateritic Soil,,,,,,,,
2006,May,495.3,30.7,23.9,Mavelikkara,3.34,1.7,Lateritic Soil,,,,,,,,
2006,May,495.3,30.7,23.9,Muthukulam,2.89,1.57,Coastal Alluvium,,,,,,,,
2006,May,495.3,30.7,23.9,Pattanakad,1.98,0.9,Coastal Alluvium,,,,,,,,
2006,May,495.3,30.7,23.9,Thaikkatussery,2.23,1.06,Coastal Alluvium,,,,,,,,
2006,May,495.3,30.7,23.9,Veliyanad,0.84,0.45,Riverine Alluvium,,,,,,,,
2006,Jun,481.5,30.7,23.9,Ambalapuzha,2.2,1.1,Coastal Alluvium,,,,,,,,
2006,Jun,481.5,30.7,23.9,Aryad,1.62,0.88,Coastal Alluvium,,,,,,,,
2006,Jun,481.5,30.7,23.9,Bharanikkavu,7.91,6.27,Lateritic Soil,,,,,,,,
2006,Jun,481.5,30.7,23.9,Champakulam,1.5,0.44,Riverine Alluvium,,,,,,,,
2006,Jun,481.5,30.7,23.9,Chengannur,4.36,2.78,Lateritic Soil,,,,,,,,
2006,Jun,481.5,30.7,23.9,Haripad,1.65,0.71,Coastal Alluvium,,,,,,,,
2006,Jun,481.5,30.7,23.9,Kanjikuzhy,1.71,1.12,Lateritic Soil,,,,,,,,
2006,Jun,481.5,30.7,23.9,Mavelikkara,3.34,1.7,Lateritic Soil,,,,,,,,
2006,Jun,481.5,30.7,23.9,Muthukulam,2.89,1.57,Coastal Alluvium,,,,,,,,
2006,Jun,481.5,30.7,23.9,Pattanakad,1.98,0.9,Coastal Alluvium,,,,,,,,
2006,Jun,481.5,30.7,23.9,Thaikkatussery,2.23,1.06,Coastal Alluvium,,,,,,,,
2006,Jun,481.5,30.7,23.9,Veliyanad,0.84,0.45,Riverine Alluvium,,,,,,,,
2006,Jul,442.6,30.7,23.9,Ambalapuzha,2.2,1.1,Coastal Alluvium,,,,,,,,
2006,Jul,442.6,30.7,23.9,Aryad,1.62,0.88,Coastal Alluvium,,,,,,,,
2006,Jul,442.6,30.7,23.9,Bharanikkavu,7.91,6.27,Lateritic Soil,,,,,,,,
2006,Jul,442.6,30.7,23.9,Champakulam,1.5,0.44,Riverine Alluvium,,,,,,,,
2006,Jul,442.6,30.7,23.9,Chengannur,4.36,2.78,Lateritic Soil,,,,,,,,
2006,Jul,442.6,30.7,23.9,Haripad,1.65,0.71,Coastal Alluvium,,,,,,,,
2006,Jul,442.6,30.7,23.9,Kanjikuzhy,1.71,1.12,Lateritic Soil,,,,,,,,
2006,Jul,442.6,30.7,23.9,Mavelikkara,3.34,1.7,Lateritic Soil,,,,,,,,
2006,Jul,442.6,30.7,23.9,Muthukulam,2.89,1.57,Coastal Alluvium,,,,,,,,
2006,Jul,442.6,30.7,23.9,Pattanakad,1.98,0.9,Coastal Alluvium,,,,,,,,
2006,Jul,442.6,30.7,23.9,Thaikkatussery,2.23,1.06,Coastal Alluvium,,,,,,,,
2006,Jul,442.6,30.7,23.9,Veliyanad,0.84,0.45,Riverine Alluvium,,,,,,,,
2006,Aug,332.4,30.7,23.9,Ambalapuzha,2.2,1.1,Coastal Alluvium,,,,,,,,
2006,Aug,332.4,30.7,23.9,Aryad,1.62,0.88,Coastal Alluvium,,,,,,,,
2006,Aug,332.4,30.7,23.9,Bharanikkavu,7.91,6.27,Lateritic Soil,,,,,,,,
2006,Aug,332.4,30.7,23.9,Champakulam,1.5,0.44,Riverine Alluvium,,,,,,,,
2006,Aug,332.4,30.7,23.9,Chengannur,4.36,2.78,Lateritic Soil,,,,,,,,
2006,Aug,332.4,30.7,23.9,Haripad,1.65,0.71,Coastal Alluvium,,,,,,,,
2006,Aug,332.4,30.7,23.9,Kanjikuzhy,1.71,1.12,Lateritic Soil,,,,,,,,
2006,Aug,332.4,30.7,23.9,Mavelikkara,3.34,1.7,Lateritic Soil,,,,,,,,
2006,Aug,332.4,30.7,23.9,Muthukulam,2.89,1.57,Coastal Alluvium,,,,,,,,
2006,Aug,332.4,30.7,23.9,Pattanakad,1.98,0.9,Coastal Alluvium,,,,,,,,
2006,Aug,332.4,30.7,23.9,Thaikkatussery,2.23,1.06,Coastal Alluvium,,,,,,,,
2006,Aug,332.4,30.7,23.9,Veliyanad,0.84,0.45,Riverine Alluvium,,,,,,,,
2006,Sep,400.2,30.7,23.9,Ambalapuzha,2.2,1.1,Coastal Alluvium,,,,,,,,
2006,Sep,400.2,30.7,23.9,Aryad,1.62,0.88,Coastal Alluvium,,,,,,,,
2006,Sep,400.2,30.7,23.9,Bharanikkavu,7.91,6.27,Lateritic Soil,,,,,,,,
2006,Sep,400.2,30.7,23.9,Champakulam,1.5,0.44,Riverine Alluvium,,,,,,,,
2006,Sep,400.2,30.7,23.9,Chengannur,4.36,2.78,Lateritic Soil,,,,,,,,
2006,Sep,400.2,30.7,23.9,Haripad,1.65,0.71,Coastal Alluvium,,,,,,,,
2006,Sep,400.2,30.7,23.9,Kanjikuzhy,1.71,1.12,Lateritic Soil,,,,,,,,
2006,Sep,400.2,30.7,23.9,Mavelikkara,3.34,1.7,Lateritic Soil,,,,,,,,
2006,Sep,400.2,30.7,23.9,Muthukulam,2.89,1.57,Coastal Alluvium,,,,,,,,
2006,Sep,400.2,30.7,23.9,Pattanakad,1.98,0.9,Coastal Alluvium,,,,,,,,
2006,Sep,400.2,30.7,23.9,Thaikkatussery,2.23,1.06,Coastal Alluvium,,,,,,,,
2006,Sep,400.2,30.7,23.9,Veliyanad,0.84,0.45,Riverine Alluvium,,,,,,,,
2006,Oct,450.8,30.7,23.9,Ambalapuzha,2.2,1.1,Coastal Alluvium,,,,,,,,
2006,Oct,450.8,30.7,23.9,Aryad,1.62,0.88,Coastal Alluvium,,,,,,,,
2006,Oct,450.8,30.7,23.9,Bharanikkavu,7.91,6.27,Lateritic Soil,,,,,,,,
2006,Oct,450.8,30.7,23.9,Champakulam,1.5,0.44,Riverine Alluvium,,,,,,,,
2006,Oct,450.8,30.7,23.9,Chengannur,4.36,2.78,Lateritic Soil,,,,,,,,
2006,Oct,450.8,30.7,23.9,Haripad,1.65,0.71,Coastal Alluvium,,,,,,,,
2006,Oct,450.8,30.7,23.9,Kanjikuzhy,1.71,1.12,Lateritic Soil,,,,,,,,
2006,Oct,450.8,30.7,23.9,Mavelikkara,3.34,1.7,Lateritic Soil,,,,,,,,
2006,Oct,450.8,30.7,23.9,Muthukulam,2.89,1.57,Coastal Alluvium,,,,,,,,
2006,Oct,450.8,30.7,23.9,Pattanakad,1.98,0.9,Coastal Alluvium,,,,,,,,
2006,Oct,450.8,30.7,23.9,Thaikkatussery,2.23,1.06,Coastal Alluvium,,,,,,,,
2006,Oct,450.8,30.7,23.9,Veliyanad,0.84,0.45,Riverine Alluvium,,,,,,,,
2006,Nov,268.1,30.7,23.9,Ambalapuzha,2.2,1.1,Coastal Alluvium,,,,,,,,
2006,Nov,268.1,30.7,23.9,Aryad,1.62,0.88,Coastal Alluvium,,,,,,,,
2006,Nov,268.1,30.7,23.9,Bharanikkavu,7.91,6.27,Lateritic Soil,,,,,,,,
2006,Nov,268.1,30.7,23.9,Champakulam,1.5,0.44,Riverine Alluvium,,,,,,,,
2006,Nov,268.1,30.7,23.9,Chengannur,4.36,2.78,Lateritic Soil,,,,,,,,
2006,Nov,268.1,30.7,23.9,Haripad,1.65,0.71,Coastal Alluvium,,,,,,,,
2006,Nov,268.1,30.7,23.9,Kanjikuzhy,1.71,1.12,Lateritic Soil,,,,,,,,
2006,Nov,268.1,30.7,23.9,Mavelikkara,3.34,1.7,Lateritic Soil,,,,,,,,
2006,Nov,268.1,30.7,23.9,Muthukulam,2.89,1.57,Coastal Alluvium,,,,,,,,
2006,Nov,268.1,30.7,23.9,Pattanakad,1.98,0.9,Coastal Alluvium,,,,,,,,
2006,Nov,268.1,30.7,23.9,Thaikkatussery,2.23,1.06,Coastal Alluvium,,,,,,,,
2006,Nov,268.1,30.7,23.9,Veliyanad,0.84,0.45,Riverine Alluvium,,,,,,,,
2006,Dec,6.0,30.7,23.9,Ambalapuzha,2.2,1.1,Coastal Alluvium,,,,,,,,
2006,Dec,6.0,30.7,23.9,Aryad,1.62,0.88,Coastal Alluvium,,,,,,,,
2006,Dec,6.0,30.7,23.9,Bharanikkavu,7.91,6.27,Lateritic Soil,,,,,,,,
2006,Dec,6.0,30.7,23.9,Champakulam,1.5,0.44,Riverine Alluvium,,,,,,,,
2006,Dec,6.0,30.7,23.9,Chengannur,4.36,2.78,Lateritic Soil,,,,,,,,
2006,Dec,6.0,30.7,23.9,Haripad,1.65,0.71,Coastal Alluvium,,,,,,,,
2006,Dec,6.0,30.7,23.9,Kanjikuzhy,1.71,1.12,Lateritic Soil,,,,,,,,
2006,Dec,6.0,30.7,23.9,Mavelikkara,3.34,1.7,Lateritic Soil,,,,,,,,
2006,Dec,6.0,30.7,23.9,Muthukulam,2.89,1.57,Coastal Alluvium,,,,,,,,
2006,Dec,6.0,30.7,23.9,Pattanakad,1.98,0.9,Coastal Alluvium,,,,,,,,
2006,Dec,6.0,30.7,23.9,Thaikkatussery,2.23,1.06,Coastal Alluvium,,,,,,,,
2006,Dec,6.0,30.7,23.9,Veliyanad,0.84,0.45,Riverine Alluvium,,,,,,,,
2007,Jan,0.0,30.7,23.9,Ambalapuzha,2.2,1.1,Coastal Alluvium,,,,,,,,
2007,Jan,0.0,30.7,23.9,Aryad,1.62,0.88,Coastal Alluvium,,,,,,,,
2007,Jan,0.0,30.7,23.9,Bharanikkavu,7.91,6.27,Lateritic Soil,,,,,,,,
2007,Jan,0.0,30.7,23.9,Champakulam,1.5,0.44,Riverine Alluvium,,,,,,,,
2007,Jan,0.0,30.7,23.9,Chengannur,4.36,2.78,Lateritic Soil,,,,,,,,
2007,Jan,0.0,30.7,23.9,Haripad,1.65,0.71,Coastal Alluvium,,,,,,,,
2007,Jan,0.0,30.7,23.9,Kanjikuzhy,1.71,1.12,Lateritic Soil,,,,,,,,
2007,Jan,0.0,30.7,23.9,Mavelikkara,3.34,1.7,Lateritic Soil,,,,,,,,
2007,Jan,0.0,30.7,23.9,Muthukulam,2.89,1.57,Coastal Alluvium,,,,,,,,
2007,Jan,0.0,30.7,23.9,Pattanakad,1.98,0.9,Coastal Alluvium,,,,,,,,
2007,Jan,0.0,30.7,23.9,Thaikkatussery,2.23,1.06,Coastal Alluvium,,,,,,,,
2007,Jan,0.0,30.7,23.9,Veliyanad,0.84,0.45,Riverine Alluvium,,,,,,,,
2007,Feb,30.5,30.7,23.9,Ambalapuzha,2.2,1.1,Coastal Alluvium,,,,,,,,
2007,Feb,30.5,30.7,23.9,Aryad,1.62,0.88,Coastal Alluvium,,,,,,,,
2007,Feb,30.5,30.7,23.9,Bharanikkavu,7.91,6.27,Lateritic Soil,,,,,,,,
2007,Feb,30.5,30.7,23.9,Champakulam,1.5,0.44,Riverine Alluvium,,,,,,,,
2007,Feb,30.5,30.7,23.9,Chengannur,4.36,2.78,Lateritic Soil,,,,,,,,
2007,Feb,30.5,30.7,23.9,Haripad,1.65,0.71,Coastal Alluvium,,,,,,,,
2007,Feb,30.5,30.7,23.9,Kanjikuzhy,1.71,1.12,Lateritic Soil,,,,,,,,
2007,Feb,30.5,30.7,23.9,Mavelikkara,3.34,1.7,Lateritic Soil,,,,,,,,
2007,Feb,30.5,30.7,23.9,Muthukulam,2.89,1.57,Coastal Alluvium,,,,,,,,
2007,Feb,30.5,30.7,23.9,Pattanakad,1.98,0.9,Coastal Alluvium,,,,,,,,
2007,Feb,30.5,30.7,23.9,Thaikkatussery,2.23,1.06,Coastal Alluvium,,,,,,,,
2007,Feb,30.5,30.7,23.9,Veliyanad,0.84,0.45,Riverine Alluvium,,,,,,,,
2007,Mar,2.2,30.7,23.9,Ambalapuzha,2.2,1.1,Coastal Alluvium,,,,,,,,
2007,Mar,2.2,30.7,23.9,Aryad,1.62,0.88,Coastal Alluvium,,,,,,,,
2007,Mar,2.2,30.7,23.9,Bharanikkavu,7.91,6.27,Lateritic Soil,,,,,,,,
2007,Mar,2.2,30.7,23.9,Champakulam,1.5,0.44,Riverine Alluvium,,,,,,,,
2007,Mar,2.2,30.7,23.9,Chengannur,4.36,2.78,Lateritic Soil,,,,,,,,
2007,Mar,2.2,30.7,23.9,Haripad,1.65,0.71,Coastal Alluvium,,,,,,,,
2007,Mar,2.2,30.7,23.9,Kanjikuzhy,1.71,1.12,Lateritic Soil,,,,,,,,
2007,Mar,2.2,30.7,23.9,Mavelikkara,3.34,1.7,Lateritic Soil,,,,,,,,
2007,Mar,2.2,30.7,23.9,Muthukulam,2.89,1.57,Coastal Alluvium,,,,,,,,
2007,Mar,2.2,30.7,23.9,Pattanakad,1.98,0.9,Coastal Alluvium,,,,,,,,
2007,Mar,2.2,30.7,23.9,Thaikkatussery,2.23,1.06,Coastal Alluvium,,,,,,,,
2007,Mar,2.2,30.7,23.9,Veliyanad,0.84,0.45,Riverine Alluvium,,,,,,,,
2007,Apr,139.7,30.7,23.9,Ambalapuzha,2.2,1.1,Coastal Alluvium,,,,,,,,
2007,Apr,139.7,30.7,23.9,Aryad,1.62,0.88,Coastal Alluvium,,,,,,,,
2007,Apr,139.7,30.7,23.9,Bharanikkavu,7.91,6.27,Lateritic Soil,,,,,,,,
2007,Apr,139.7,30.7,23.9,Champakulam,1.5,0.44,Riverine Alluvium,,,,,,,,
2007,Apr,139.7,30.7,23.9,Chengannur,4.36,2.78,Lateritic Soil,,,,,,,,
2007,Apr,139.7,30.7,23.9,Haripad,1.65,0.71,Coastal Alluvium,,,,,,,,
2007,Apr,139.7,30.7,23.9,Kanjikuzhy,1.71,1.12,Lateritic Soil,,,,,,,,
2007,Apr,139.7,30.7,23.9,Mavelikkara,3.34,1.7,Lateritic Soil,,,,,,,,
2007,Apr,139.7,30.7,23.9,Muthukulam,2.89,1.57,Coastal Alluvium,,,,,,,,
2007,Apr,139.7,30.7,23.9,Pattanakad,1.98,0.9,Coastal Alluvium,,,,,,,,
2007,Apr,139.7,30.7,23.9,Thaikkatussery,2.23,1.06,Coastal Alluvium,,,,,,,,
2007,Apr,139.7,30.7,23.9,Veliyanad,0.84,0.45,Riverine Alluvium,,,,,,,,
2007,May,284.2,30.7,23.9,Ambalapuzha,2.2,1.1,Coastal Alluvium,,,,,,,,
2007,May,284.2,30.7,23.9,Aryad,1.62,0.88,Coastal Alluvium,,,,,,,,
2007,May,284.2,30.7,23.9,Bharanikkavu,7.91,6.27,Lateritic Soil,,,,,,,,
2007,May,284.2,30.7,23.9,Champakulam,1.5,0.44,Riverine Alluvium,,,,,,,,
2007,May,284.2,30.7,23.9,Chengannur,4.36,2.78,Lateritic Soil,,,,,,,,
2007,May,284.2,30.7,23.9,Haripad,1.65,0.71,Coastal Alluvium,,,,,,,,
2007,May,284.2,30.7,23.9,Kanjikuzhy,1.71,1.12,Lateritic Soil,,,,,,,,
2007,May,284.2,30.7,23.9,Mavelikkara,3.34,1.7,Lateritic Soil,,,,,,,,
2007,May,284.2,30.7,23.9,Muthukulam,2.89,1.57,Coastal Alluvium,,,,,,,,
2007,May,284.2,30.7,23.9,Pattanakad,1.98,0.9,Coastal Alluvium,,,,,,,,
2007,May,284.2,30.7,23.9,Thaikkatussery,2.23,1.06,Coastal Alluvium,,,,,,,,
2007,May,284.2,30.7,23.9,Veliyanad,0.84,0.45,Riverine Alluvium,,,,,,,,
2007,Jun,597.3,30.7,23.9,Ambalapuzha,2.2,1.1,Coastal Alluvium,,,,,,,,
2007,Jun,597.3,30.7,23.9,Aryad,1.62,0.88,Coastal Alluvium,,,,,,,,
2007,Jun,597.3,30.7,23.9,Bharanikkavu,7.91,6.27,Lateritic Soil,,,,,,,,
2007,Jun,597.3,30.7,23.9,Champakulam,1.5,0.44,Riverine Alluvium,,,,,,,,
2007,Jun,597.3,30.7,23.9,Chengannur,4.36,2.78,Lateritic Soil,,,,,,,,
2007,Jun,597.3,30.7,23.9,Haripad,1.65,0.71,Coastal Alluvium,,,,,,,,
2007,Jun,597.3,30.7,23.9,Kanjikuzhy,1.71,1.12,Lateritic Soil,,,,,,,,
2007,Jun,597.3,30.7,23.9,Mavelikkara,3.34,1.7,Lateritic Soil,,,,,,,,
2007,Jun,597.3,30.7,23.9,Muthukulam,2.89,1.57,Coastal Alluvium,,,,,,,,
2007,Jun,597.3,30.7,23.9,Pattanakad,1.98,0.9,Coastal Alluvium,,,,,,,,
2007,Jun,597.3,30.7,23.9,Thaikkatussery,2.23,1.06,Coastal Alluvium,,,,,,,,
2007,Jun,597.3,30.7,23.9,Veliyanad,0.84,0.45,Riverine Alluvium,,,,,,,,
2007,Jul,780.2,30.7,23.9,Ambalapuzha,2.2,1.1,Coastal Alluvium,,,,,,,,
2007,Jul,780.2,30.7,23.9,Aryad,1.62,0.88,Coastal Alluvium,,,,,,,,
2007,Jul,780.2,30.7,23.9,Bharanikkavu,7.91,6.27,Lateritic Soil,,,,,,,,
2007,Jul,780.2,30.7,23.9,Champakulam,1.5,0.44,Riverine Alluvium,,,,,,,,
2007,Jul,780.2,30.7,23.9,Chengannur,4.36,2.78,Lateritic Soil,,,,,,,,
2007,Jul,780.2,30.7,23.9,Haripad,1.65,0.71,Coastal Alluvium,,,,,,,,
2007,Jul,780.2,30.7,23.9,Kanjikuzhy,1.71,1.12,Lateritic Soil,,,,,,,,
2007,Jul,780.2,30.7,23.9,Mavelikkara,3.34,1.7,Lateritic Soil,,,,,,,,
2007,Jul,780.2,30.7,23.9,Muthukulam,2.89,1.57,Coastal Alluvium,,,,,,,,
2007,Jul,780.2,30.7,23.9,Pattanakad,1.98,0.9,Coastal Alluvium,,,,,,,,
2007,Jul,780.2,30.7,23.9,Thaikkatussery,2.23,1.06,Coastal Alluvium,,,,,,,,
2007,Jul,780.2,30.7,23.9,Veliyanad,0.84,0.45,Riverine Alluvium,,,,,,,,
2007,Aug,368.3,30.7,23.9,Ambalapuzha,2.2,1.1,Coastal Alluvium,,,,,,,,
2007,Aug,368.3,30.7,23.9,Aryad,1.62,0.88,Coastal Alluvium,,,,,,,,
2007,Aug,368.3,30.7,23.9,Bharanikkavu,7.91,6.27,Lateritic Soil,,,,,,,,
2007,Aug,368.3,30.7,23.9,Champakulam,1.5,0.44,Riverine Alluvium,,,,,,,,
2007,Aug,368.3,30.7,23.9,Chengannur,4.36,2.78,Lateritic Soil,,,,,,,,
2007,Aug,368.3,30.7,23.9,Haripad,1.65,0.71,Coastal Alluvium,,,,,,,,
2007,Aug,368.3,30.7,23.9,Kanjikuzhy,1.71,1.12,Lateritic Soil,,,,,,,,
2007,Aug,368.3,30.7,23.9,Mavelikkara,3.34,1.7,Lateritic Soil,,,,,,,,
2007,Aug,368.3,30.7,23.9,Muthukulam,2.89,1.57,Coastal Alluvium,,,,,,,,
2007,Aug,368.3,30.7,23.9,Pattanakad,1.98,0.9,Coastal Alluvium,,,,,,,,
2007,Aug,368.3,30.7,23.9,Thaikkatussery,2.23,1.06,Coastal Alluvium,,,,,,,,
2007,Aug,368.3,30.7,23.9,Veliyanad,0.84,0.45,Riverine Alluvium,,,,,,,,
2007,Sep,417.6,30.7,23.9,Ambalapuzha,2.2,1.1,Coastal Alluvium,,,,,,,,
2007,Sep,417.6,30.7,23.9,Aryad,1.62,0.88,Coastal Alluvium,,,,,,,,
2007,Sep,417.6,30.7,23.9,Bharanikkavu,7.91,6.27,Lateritic Soil,,,,,,,,
2007,Sep,417.6,30.7,23.9,Champakulam,1.5,0.44,Riverine Alluvium,,,,,,,,
2007,Sep,417.6,30.7,23.9,Chengannur,4.36,2.78,Lateritic Soil,,,,,,,,
2007,Sep,417.6,30.7,23.9,Haripad,1.65,0.71,Coastal Alluvium,,,,,,,,
2007,Sep,417.6,30.7,23.9,Kanjikuzhy,1.71,1.12,Lateritic Soil,,,,,,,,
2007,Sep,417.6,30.7,23.9,Mavelikkara,3.34,1.7,Lateritic Soil,,,,,,,,
2007,Sep,417.6,30.7,23.9,Muthukulam,2.89,1.57,Coastal Alluvium,,,,,,,,
2007,Sep,417.6,30.7,23.9,Pattanakad,1.98,0.9,Coastal Alluvium,,,,,,,,
2007,Sep,417.6,30.7,23.9,Thaikkatussery,2.23,1.06,Coastal Alluvium,,,,,,,,
2007,Sep,417.6,30.7,23.9,Veliyanad,0.84,0.45,Riverine Alluvium,,,,,,,,
2007,Oct,306.8,30.7,23.9,Ambalapuzha,2.2,1.1,Coastal Alluvium,,,,,,,,
2007,Oct,306.8,30.7,23.9,Aryad,1.62,0.88,Coastal Alluvium,,,,,,,,
2007,Oct,306.8,30.7,23.9,Bharanikkavu,7.91,6.27,Lateritic Soil,,,,,,,,
2007,Oct,306.8,30.7,23.9,Champakulam,1.5,0.44,Riverine Alluvium,,,,,,,,
2007,Oct,306.8,30.7,23.9,Chengannur,4.36,2.78,Lateritic Soil,,,,,,,,
2007,Oct,306.8,30.7,23.9,Haripad,1.65,0.71,Coastal Alluvium,,,,,,,,
2007,Oct,306.8,30.7,23.9,Kanjikuzhy,1.71,1.12,Lateritic Soil,,,,,,,,
2007,Oct,306.8,30.7,23.9,Mavelikkara,3.34,1.7,Lateritic Soil,,,,,,,,
2007,Oct,306.8,30.7,23.9,Muthukulam,2.89,1.57,Coastal Alluvium,,,,,,,,
2007,Oct,306.8,30.7,23.9,Pattanakad,1.98,0.9,Coastal Alluvium,,,,,,,,
2007,Oct,306.8,30.7,23.9,Thaikkatussery,2.23,1.06,Coastal Alluvium,,,,,,,,
2007,Oct,306.8,30.7,23.9,Veliyanad,0.84,0.45,Riverine Alluvium,,,,,,,,
2007,Nov,173.4,30.7,23.9,Ambalapuzha,2.2,1.1,Coastal Alluvium,,,,,,,,
2007,Nov,173.4,30.7,23.9,Aryad,1.62,0.88,Coastal Alluvium,,,,,,,,
2007,Nov,173.4,30.7,23.9,Bharanikkavu,7.91,6.27,Lateritic Soil,,,,,,,,
2007,Nov,173.4,30.7,23.9,Champakulam,1.5,0.44,Riverine Alluvium,,,,,,,,
2007,Nov,173.4,30.7,23.9,Chengannur,4.36,2.78,Lateritic Soil,,,,,,,,
2007,Nov,173.4,30.7,23.9,Haripad,1.65,0.71,Coastal Alluvium,,,,,,,,
2007,Nov,173.4,30.7,23.9,Kanjikuzhy,1.71,1.12,Lateritic Soil,,,,,,,,
2007,Nov,173.4,30.7,23.9,Mavelikkara,3.34,1.7,Lateritic Soil,,,,,,,,
2007,Nov,173.4,30.7,23.9,Muthukulam,2.89,1.57,Coastal Alluvium,,,,,,,,
2007,Nov,173.4,30.7,23.9,Pattanakad,1.98,0.9,Coastal Alluvium,,,,,,,,
2007,Nov,173.4,30.7,23.9,Thaikkatussery,2.23,1.06,Coastal Alluvium,,,,,,,,
2007,Nov,173.4,30.7,23.9,Veliyanad,0.84,0.45,Riverine Alluvium,,,,,,,,
2007,Dec,6.4,30.7,23.9,Ambalapuzha,2.2,1.1,Coastal Alluvium,,,,,,,,
2007,Dec,6.4,30.7,23.9,Aryad,1.62,0.88,Coastal Alluvium,,,,,,,,
2007,Dec,6.4,30.7,23.9,Bharanikkavu,7.91,6.27,Lateritic Soil,,,,,,,,
2007,Dec,6.4,30.7,23.9,Champakulam,1.5,0.44,Riverine Alluvium,,,,,,,,
2007,Dec,6.4,30.7,23.9,Chengannur,4.36,2.78,Lateritic Soil,,,,,,,,
2007,Dec,6.4,30.7,23.9,Haripad,1.65,0.71,Coastal Alluvium,,,,,,,,
2007,Dec,6.4,30.7,23.9,Kanjikuzhy,1.71,1.12,Lateritic Soil,,,,,,,,
2007,Dec,6.4,30.7,23.9,Mavelikkara,3.34,1.7,Lateritic Soil,,,,,,,,
2007,Dec,6.4,30.7,23.9,Muthukulam,2.89,1.57,Coastal Alluvium,,,,,,,,
2007,Dec,6.4,30.7,23.9,Pattanakad,1.98,0.9,Coastal Alluvium,,,,,,,,
2007,Dec,6.4,30.7,23.9,Thaikkatussery,2.23,1.06,Coastal Alluvium,,,,,,,,
2007,Dec,6.4,30.7,23.9,Veliyanad,0.84,0.45,Riverine Alluvium,,,,,,,,
2008,Jan,0.0,30.7,23.9,Ambalapuzha,2.2,1.1,Coastal Alluvium,,,,,,,,
2008,Jan,0.0,30.7,23.9,Aryad,1.62,0.88,Coastal Alluvium,,,,,,,,
2008,Jan,0.0,30.7,23.9,Bharanikkavu,7.91,6.27,Lateritic Soil,,,,,,,,
2008,Jan,0.0,30.7,23.9,Champakulam,1.5,0.44,Riverine Alluvium,,,,,,,,
2008,Jan,0.0,30.7,23.9,Chengannur,4.36,2.78,Lateritic Soil,,,,,,,,
2008,Jan,0.0,30.7,23.9,Haripad,1.65,0.71,Coastal Alluvium,,,,,,,,
2008,Jan,0.0,30.7,23.9,Kanjikuzhy,1.71,1.12,Lateritic Soil,,,,,,,,
2008,Jan,0.0,30.7,23.9,Mavelikkara,3.34,1.7,Lateritic Soil,,,,,,,,
2008,Jan,0.0,30.7,23.9,Muthukulam,2.89,1.57,Coastal Alluvium,,,,,,,,
2008,Jan,0.0,30.7,23.9,Pattanakad,1.98,0.9,Coastal Alluvium,,,,,,,,
2008,Jan,0.0,30.7,23.9,Thaikkatussery,2.23,1.06,Coastal Alluvium,,,,,,,,
2008,Jan,0.0,30.7,23.9,Veliyanad,0.84,0.45,Riverine Alluvium,,,,,,,,
2008,Feb,88.2,30.7,23.9,Ambalapuzha,2.2,1.1,Coastal Alluvium,,,,,,,,
2008,Feb,88.2,30.7,23.9,Aryad,1.62,0.88,Coastal Alluvium,,,,,,,,
2008,Feb,88.2,30.7,23.9,Bharanikkavu,7.91,6.27,Lateritic Soil,,,,,,,,
2008,Feb,88.2,30.7,23.9,Champakulam,1.5,0.44,Riverine Alluvium,,,,,,,,
2008,Feb,88.2,30.7,23.9,Chengannur,4.36,2.78,Lateritic Soil,,,,,,,,
2008,Feb,88.2,30.7,23.9,Haripad,1.65,0.71,Coastal Alluvium,,,,,,,,
2008,Feb,88.2,30.7,23.9,Kanjikuzhy,1.71,1.12,Lateritic Soil,,,,,,,,
2008,Feb,88.2,30.7,23.9,Mavelikkara,3.34,1.7,Lateritic Soil,,,,,,,,
2008,Feb,88.2,30.7,23.9,Muthukulam,2.89,1.57,Coastal Alluvium,,,,,,,,
2008,Feb,88.2,30.7,23.9,Pattanakad,1.98,0.9,Coastal Alluvium,,,,,,,,
2008,Feb,88.2,30.7,23.9,Thaikkatussery,2.23,1.06,Coastal Alluvium,,,,,,,,
2008,Feb,88.2,30.7,23.9,Veliyanad,0.84,0.45,Riverine Alluvium,,,,,,,,
2008,Mar,175.5,30.7,23.9,Ambalapuzha,2.2,1.1,Coastal Alluvium,,,,,,,,
2008,Mar,175.5,30.7,23.9,Aryad,1.62,0.88,Coastal Alluvium,,,,,,,,
2008,Mar,175.5,30.7,23.9,Bharanikkavu,7.91,6.27,Lateritic Soil,,,,,,,,
2008,Mar,175.5,30.7,23.9,Champakulam,1.5,0.44,Riverine Alluvium,,,,,,,,
2008,Mar,175.5,30.7,23.9,Chengannur,4.36,2.78,Lateritic Soil,,,,,,,,
2008,Mar,175.5,30.7,23.9,Haripad,1.65,0.71,Coastal Alluvium,,,,,,,,
2008,Mar,175.5,30.7,23.9,Kanjikuzhy,1.71,1.12,Lateritic Soil,,,,,,,,
2008,Mar,175.5,30.7,23.9,Mavelikkara,3.34,1.7,Lateritic Soil,,,,,,,,
2008,Mar,175.5,30.7,23.9,Muthukulam,2.89,1.57,Coastal Alluvium,,,,,,,,
2008,Mar,175.5,30.7,23.9,Pattanakad,1.98,0.9,Coastal Alluvium,,,,,,,,
2008,Mar,175.5,30.7,23.9,Thaikkatussery,2.23,1.06,Coastal Alluvium,,,,,,,,
2008,Mar,175.5,30.7,23.9,Veliyanad,0.84,0.45,Riverine Alluvium,,,,,,,,
2008,Apr,166.3,30.7,23.9,Ambalapuzha,2.2,1.1,Coastal Alluvium,,,,,,,,
2008,Apr,166.3,30.7,23.9,Aryad,1.62,0.88,Coastal Alluvium,,,,,,,,
2008,Apr,166.3,30.7,23.9,Bharanikkavu,7.91,6.27,Lateritic Soil,,,,,,,,
2008,Apr,166.3,30.7,23.9,Champakulam,1.5,0.44,Riverine Alluvium,,,,,,,,
2008,Apr,166.3,30.7,23.9,Chengannur,4.36,2.78,Lateritic Soil,,,,,,,,
2008,Apr,166.3,30.7,23.9,Haripad,1.65,0.71,Coastal Alluvium,,,,,,,,
2008,Apr,166.3,30.7,23.9,Kanjikuzhy,1.71,1.12,Lateritic Soil,,,,,,,,
2008,Apr,166.3,30.7,23.9,Mavelikkara,3.34,1.7,Lateritic Soil,,,,,,,,
2008,Apr,166.3,30.7,23.9,Muthukulam,2.89,1.57,Coastal Alluvium,,,,,,,,
2008,Apr,166.3,30.7,23.9,Pattanakad,1.98,0.9,Coastal Alluvium,,,,,,,,
2008,Apr,166.3,30.7,23.9,Thaikkatussery,2.23,1.06,Coastal Alluvium,,,,,,,,
2008,Apr,166.3,30.7,23.9,Veliyanad,0.84,0.45,Riverine Alluvium,,,,,,,,
2008,May,127.8,30.7,23.9,Ambalapuzha,2.2,1.1,Coastal Alluvium,,,,,,,,
2008,May,127.8,30.7,23.9,Aryad,1.62,0.88,Coastal Alluvium,,,,,,,,
2008,May,127.8,30.7,23.9,Bharanikkavu,7.91,6.27,Lateritic Soil,,,,,,,,
2008,May,127.8,30.7,23.9,Champakulam,1.5,0.44,Riverine Alluvium,,,,,,,,
2008,May,127.8,30.7,23.9,Chengannur,4.36,2.78,Lateritic Soil,,,,,,,,
2008,May,127.8,30.7,23.9,Haripad,1.65,0.71,Coastal Alluvium,,,,,,,,
2008,May,127.8,30.7,23.9,Kanjikuzhy,1.71,1.12,Lateritic Soil,,,,,,,,
2008,May,127.8,30.7,23.9,Mavelikkara,3.34,1.7,Lateritic Soil,,,,,,,,
2008,May,127.8,30.7,23.9,Muthukulam,2.89,1.57,Coastal Alluvium,,,,,,,,
2008,May,127.8,30.7,23.9,Pattanakad,1.98,0.9,Coastal Alluvium,,,,,,,,
2008,May,127.8,30.7,23.9,Thaikkatussery,2.23,1.06,Coastal Alluvium,,,,,,,,
2008,May,127.8,30.7,23.9,Veliyanad,0.84,0.45,Riverine Alluvium,,,,,,,,
2008,Jun,366.5,30.7,23.9,Ambalapuzha,2.2,1.1,Coastal Alluvium,,,,,,,,
2008,Jun,366.5,30.7,23.9,Aryad,1.62,0.88,Coastal Alluvium,,,,,,,,
2008,Jun,366.5,30.7,23.9,Bharanikkavu,7.91,6.27,Lateritic Soil,,,,,,,,
2008,Jun,366.5,30.7,23.9,Champakulam,1.5,0.44,Riverine Alluvium,,,,,,,,
2008,Jun,366.5,30.7,23.9,Chengannur,4.36,2.78,Lateritic Soil,,,,,,,,
2008,Jun,366.5,30.7,23.9,Haripad,1.65,0.71,Coastal Alluvium,,,,,,,,
2008,Jun,366.5,30.7,23.9,Kanjikuzhy,1.71,1.12,Lateritic Soil,,,,,,,,
2008,Jun,366.5,30.7,23.9,Mavelikkara,3.34,1.7,Lateritic Soil,,,,,,,,
2008,Jun,366.5,30.7,23.9,Muthukulam,2.89,1.57,Coastal Alluvium,,,,,,,,
2008,Jun,366.5,30.7,23.9,Pattanakad,1.98,0.9,Coastal Alluvium,,,,,,,,
2008,Jun,366.5,30.7,23.9,Thaikkatussery,2.23,1.06,Coastal Alluvium,,,,,,,,
2008,Jun,366.5,30.7,23.9,Veliyanad,0.84,0.45,Riverine Alluvium,,,,,,,,
2008,Jul,660.7,30.7,23.9,Ambalapuzha,2.2,1.1,Coastal Alluvium,,,,,,,,
2008,Jul,660.7,30.7,23.9,Aryad,1.62,0.88,Coastal Alluvium,,,,,,,,
2008,Jul,660.7,30.7,23.9,Bharanikkavu,7.91,6.27,Lateritic Soil,,,,,,,,
2008,Jul,660.7,30.7,23.9,Champakulam,1.5,0.44,Riverine Alluvium,,,,,,,,
2008,Jul,660.7,30.7,23.9,Chengannur,4.36,2.78,Lateritic Soil,,,,,,,,
2008,Jul,660.7,30.7,23.9,Haripad,1.65,0.71,Coastal Alluvium,,,,,,,,
2008,Jul,660.7,30.7,23.9,Kanjikuzhy,1.71,1.12,Lateritic Soil,,,,,,,,
2008,Jul,660.7,30.7,23.9,Mavelikkara,3.34,1.7,Lateritic Soil,,,,,,,,
2008,Jul,660.7,30.7,23.9,Muthukulam,2.89,1.57,Coastal Alluvium,,,,,,,,
2008,Jul,660.7,30.7,23.9,Pattanakad,1.98,0.9,Coastal Alluvium,,,,,,,,
2008,Jul,660.7,30.7,23.9,Thaikkatussery,2.23,1.06,Coastal Alluvium,,,,,,,,
2008,Jul,660.7,30.7,23.9,Veliyanad,0.84,0.45,Riverine Alluvium,,,,,,,,
2008,Aug,189.4,30.7,23.9,Ambalapuzha,2.2,1.1,Coastal Alluvium,,,,,,,,
2008,Aug,189.4,30.7,23.9,Aryad,1.62,0.88,Coastal Alluvium,,,,,,,,
2008,Aug,189.4,30.7,23.9,Bharanikkavu,7.91,6.27,Lateritic Soil,,,,,,,,
2008,Aug,189.4,30.7,23.9,Champakulam,1.5,0.44,Riverine Alluvium,,,,,,,,
2008,Aug,189.4,30.7,23.9,Chengannur,4.36,2.78,Lateritic Soil,,,,,,,,
2008,Aug,189.4,30.7,23.9,Haripad,1.65,0.71,Coastal Alluvium,,,,,,,,
2008,Aug,189.4,30.7,23.9,Kanjikuzhy,1.71,1.12,Lateritic Soil,,,,,,,,
2008,Aug,189.4,30.7,23.9,Mavelikkara,3.34,1.7,Lateritic Soil,,,,,,,,
2008,Aug,189.4,30.7,23.9,Muthukulam,2.89,1.57,Coastal Alluvium,,,,,,,,
2008,Aug,189.4,30.7,23.9,Pattanakad,1.98,0.9,Coastal Alluvium,,,,,,,,
2008,Aug,189.4,30.7,23.9,Thaikkatussery,2.23,1.06,Coastal Alluvium,,,,,,,,
2008,Aug,189.4,30.7,23.9,Veliyanad,0.84,0.45,Riverine Alluvium,,,,,,,,
2008,Sep,332.6,30.7,23.9,Ambalapuzha,2.2,1.1,Coastal Alluvium,,,,,,,,
2008,Sep,332.6,30.7,23.9,Aryad,1.62,0.88,Coastal Alluvium,,,,,,,,
2008,Sep,332.6,30.7,23.9,Bharanikkavu,7.91,6.27,Lateritic Soil,,,,,,,,
2008,Sep,332.6,30.7,23.9,Champakulam,1.5,0.44,Riverine Alluvium,,,,,,,,
2008,Sep,332.6,30.7,23.9,Chengannur,4.36,2.78,Lateritic Soil,,,,,,,,
2008,Sep,332.6,30.7,23.9,Haripad,1.65,0.71,Coastal Alluvium,,,,,,,,
2008,Sep,332.6,30.7,23.9,Kanjikuzhy,1.71,1.12,Lateritic Soil,,,,,,,,
2008,Sep,332.6,30.7,23.9,Mavelikkara,3.34,1.7,Lateritic Soil,,,,,,,,
2008,Sep,332.6,30.7,23.9,Muthukulam,2.89,1.57,Coastal Alluvium,,,,,,,,
2008,Sep,332.6,30.7,23.9,Pattanakad,1.98,0.9,Coastal Alluvium,,,,,,,,
2008,Sep,332.6,30.7,23.9,Thaikkatussery,2.23,1.06,Coastal Alluvium,,,,,,,,
2008,Sep,332.6,30.7,23.9,Veliyanad,0.84,0.45,Riverine Alluvium,,,,,,,,
2008,Oct,313.7,30.7,23.9,Ambalapuzha,2.2,1.1,Coastal Alluvium,,,,,,,,
2008,Oct,313.7,30.7,23.9,Aryad,1.62,0.88,Coastal Alluvium,,,,,,,,
2008,Oct,313.7,30.7,23.9,Bharanikkavu,7.91,6.27,Lateritic Soil,,,,,,,,
2008,Oct,313.7,30.7,23.9,Champakulam,1.5,0.44,Riverine Alluvium,,,,,,,,
2008,Oct,313.7,30.7,23.9,Chengannur,4.36,2.78,Lateritic Soil,,,,,,,,
2008,Oct,313.7,30.7,23.9,Haripad,1.65,0.71,Coastal Alluvium,,,,,,,,
2008,Oct,313.7,30.7,23.9,Kanjikuzhy,1.71,1.12,Lateritic Soil,,,,,,,,
2008,Oct,313.7,30.7,23.9,Mavelikkara,3.34,1.7,Lateritic Soil,,,,,,,,
2008,Oct,313.7,30.7,23.9,Muthukulam,2.89,1.57,Coastal Alluvium,,,,,,,,
2008,Oct,313.7,30.7,23.9,Pattanakad,1.98,0.9,Coastal Alluvium,,,,,,,,
2008,Oct,313.7,30.7,23.9,Thaikkatussery,2.23,1.06,Coastal Alluvium,,,,,,,,
2008,Oct,313.7,30.7,23.9,Veliyanad,0.84,0.45,Riverine Alluvium,,,,,,,,
2008,Nov,122.3,30.7,23.9,Ambalapuzha,2.2,1.1,Coastal Alluvium,,,,,,,,
2008,Nov,122.3,30.7,23.9,Aryad,1.62,0.88,Coastal Alluvium,,,,,,,,
2008,Nov,122.3,30.7,23.9,Bharanikkavu,7.91,6.27,Lateritic Soil,,,,,,,,
2008,Nov,122.3,30.7,23.9,Champakulam,1.5,0.44,Riverine Alluvium,,,,,,,,
2008,Nov,122.3,30.7,23.9,Chengannur,4.36,2.78,Lateritic Soil,,,,,,,,
2008,Nov,122.3,30.7,23.9,Haripad,1.65,0.71,Coastal Alluvium,,,,,,,,
2008,Nov,122.3,30.7,23.9,Kanjikuzhy,1.71,1.12,Lateritic Soil,,,,,,,,
2008,Nov,122.3,30.7,23.9,Mavelikkara,3.34,1.7,Lateritic Soil,,,,,,,,
2008,Nov,122.3,30.7,23.9,Muthukulam,2.89,1.57,Coastal Alluvium,,,,,,,,
2008,Nov,122.3,30.7,23.9,Pattanakad,1.98,0.9,Coastal Alluvium,,,,,,,,
2008,Nov,122.3,30.7,23.9,Thaikkatussery,2.23,1.06,Coastal Alluvium,,,,,,,,
2008,Nov,122.3,30.7,23.9,Veliyanad,0.84,0.45,Riverine Alluvium,,,,,,,,
2008,Dec,41.9,30.7,23.9,Ambalapuzha,2.2,1.1,Coastal Alluvium,,,,,,,,
2008,Dec,41.9,30.7,23.9,Aryad,1.62,0.88,Coastal Alluvium,,,,,,,,
2008,Dec,41.9,30.7,23.9,Bharanikkavu,7.91,6.27,Lateritic Soil,,,,,,,,
2008,Dec,41.9,30.7,23.9,Champakulam,1.5,0.44,Riverine Alluvium,,,,,,,,
2008,Dec,41.9,30.7,23.9,Chengannur,4.36,2.78,Lateritic Soil,,,,,,,,
2008,Dec,41.9,30.7,23.9,Haripad,1.65,0.71,Coastal Alluvium,,,,,,,,
2008,Dec,41.9,30.7,23.9,Kanjikuzhy,1.71,1.12,Lateritic Soil,,,,,,,,
2008,Dec,41.9,30.7,23.9,Mavelikkara,3.34,1.7,Lateritic Soil,,,,,,,,
2008,Dec,41.9,30.7,23.9,Muthukulam,2.89,1.57,Coastal Alluvium,,,,,,,,
2008,Dec,41.9,30.7,23.9,Pattanakad,1.98,0.9,Coastal Alluvium,,,,,,,,
2008,Dec,41.9,30.7,23.9,Thaikkatussery,2.23,1.06,Coastal Alluvium,,,,,,,,
2008,Dec,41.9,30.7,23.9,Veliyanad,0.84,0.45,Riverine Alluvium,,,,,,,,
2009,Jan,1.7,30.7,23.9,Ambalapuzha,2.2,1.1,Coastal Alluvium,8.75,161,13,3.9,20,0.34,3,48
2009,Jan,1.7,30.7,23.9,Aryad,1.62,0.88,Coastal Alluvium,,,,,,,,
2009,Jan,1.7,30.7,23.9,Bharanikkavu,7.91,6.27,Lateritic Soil,,,,,,,,
2009,Jan,1.7,30.7,23.9,Champakulam,1.5,0.44,Riverine Alluvium,,,,,,,,
2009,Jan,1.7,30.7,23.9,Chengannur,4.36,2.78,Lateritic Soil,,,,,,,,
2009,Jan,1.7,30.7,23.9,Haripad,1.65,0.71,Coastal Alluvium,7.9,197,44,10,30,0.33,4.3,44
2009,Jan,1.7,30.7,23.9,Kanjikuzhy,1.71,1.12,Lateritic Soil,,,,,,,,
2009,Jan,1.7,30.7,23.9,Mavelikkara,3.34,1.7,Lateritic Soil,,,,,,,,
2009,Jan,1.7,30.7,23.9,Muthukulam,2.89,1.57,Coastal Alluvium,,,,,,,,
2009,Jan,1.7,30.7,23.9,Pattanakad,1.98,0.9,Coastal Alluvium,8.28,523,29,1.9,41,0.13,5.4,80
2009,Jan,1.7,30.7,23.9,Thaikkatussery,2.23,1.06,Coastal Alluvium,,,,,,,,
2009,Jan,1.7,30.7,23.9,Veliyanad,0.84,0.45,Riverine Alluvium,,,,,,,,
2009,Feb,4.4,30.7,23.9,Ambalapuzha,2.2,1.1,Coastal Alluvium,8.75,161,13,3.9,20,0.34,3,48
2009,Feb,4.4,30.7,23.9,Aryad,1.62,0.88,Coastal Alluvium,,,,,,,,
2009,Feb,4.4,30.7,23.9,Bharanikkavu,7.91,6.27,Lateritic Soil,,,,,,,,
2009,Feb,4.4,30.7,23.9,Champakulam,1.5,0.44,Riverine Alluvium,,,,,,,,
2009,Feb,4.4,30.7,23.9,Chengannur,4.36,2.78,Lateritic Soil,,,,,,,,
2009,Feb,4.4,30.7,23.9,Haripad,1.65,0.71,Coastal Alluvium,7.9,197,44,10,30,0.33,4.3,44
2009,Feb,4.4,30.7,23.9,Kanjikuzhy,1.71,1.12,Lateritic Soil,,,,,,,,
2009,Feb,4.4,30.7,23.9,Mavelikkara,3.34,1.7,Lateritic Soil,,,,,,,,
2009,Feb,4.4,30.7,23.9,Muthukulam,2.89,1.57,Coastal Alluvium,,,,,,,,
2009,Feb,4.4,30.7,23.9,Pattanakad,1.98,0.9,Coastal Alluvium,8.28,523,29,1.9,41,0.13,5.4,80
2009,Feb,4.4,30.7,23.9,Thaikkatussery,2.23,1.06,Coastal Alluvium,,,,,,,,
2009,Feb,4.4,30.7,23.9,Veliyanad,0.84,0.45,Riverine Alluvium,,,,,,,,
2009,Mar,45.3,30.7,23.9,Ambalapuzha,2.2,1.1,Coastal Alluvium,8.75,161,13,3.9,20,0.34,3,48
2009,Mar,45.3,30.7,23.9,Aryad,1.62,0.88,Coastal Alluvium,,,,,,,,
2009,Mar,45.3,30.7,23.9,Bharanikkavu,7.91,6.27,Lateritic Soil,,,,,,,,
2009,Mar,45.3,30.7,23.9,Champakulam,1.5,0.44,Riverine Alluvium,,,,,,,,
2009,Mar,45.3,30.7,23.9,Chengannur,4.36,2.78,Lateritic Soil,,,,,,,,
2009,Mar,45.3,30.7,23.9,Haripad,1.65,0.71,Coastal Alluvium,7.9,197,44,10,30,0.33,4.3,44
2009,Mar,45.3,30.7,23.9,Kanjikuzhy,1.71,1.12,Lateritic Soil,,,,,,,,
2009,Mar,45.3,30.7,23.9,Mavelikkara,3.34,1.7,Lateritic Soil,,,,,,,,
2009,Mar,45.3,30.7,23.9,Muthukulam,2.89,1.57,Coastal Alluvium,,,,,,,,
2009,Mar,45.3,30.7,23.9,Pattanakad,1.98,0.9,Coastal Alluvium,8.28,523,29,1.9,41,0.13,5.4,80
2009,Mar,45.3,30.7,23.9,Thaikkatussery,2.23,1.06,Coastal Alluvium,,,,,,,,
2009,Mar,45.3,30.7,23.9,Veliyanad,0.84,0.45,Riverine Alluvium,,,,,,,,
2009,Apr,131.9,30.7,23.9,Ambalapuzha,2.2,1.1,Coastal Alluvium,8.75,161,13,3.9,20,0.34,3,48
2009,Apr,131.9,30.7,23.9,Aryad,1.62,0.88,Coastal Alluvium,,,,,,,,
2009,Apr,131.9,30.7,23.9,Bharanikkavu,7.91,6.27,Lateritic Soil,,,,,,,,
2009,Apr,131.9,30.7,23.9,Champakulam,1.5,0.44,Riverine Alluvium,,,,,,,,
2009,Apr,131.9,30.7,23.9,Chengannur,4.36,2.78,Lateritic Soil,,,,,,,,
2009,Apr,131.9,30.7,23.9,Haripad,1.65,0.71,Coastal Alluvium,7.9,197,44,10,30,0.33,4.3,44
2009,Apr,131.9,30.7,23.9,Kanjikuzhy,1.71,1.12,Lateritic Soil,,,,,,,,
2009,Apr,131.9,30.7,23.9,Mavelikkara,3.34,1.7,Lateritic Soil,,,,,,,,
2009,Apr,131.9,30.7,23.9,Muthukulam,2.89,1.57,Coastal Alluvium,,,,,,,,
2009,Apr,131.9,30.7,23.9,Pattanakad,1.98,0.9,Coastal Alluvium,8.28,523,29,1.9,41,0.13,5.4,80
2009,Apr,131.9,30.7,23.9,Thaikkatussery,2.23,1.06,Coastal Alluvium,,,,,,,,
2009,Apr,131.9,30.7,23.9,Veliyanad,0.84,0.45,Riverine Alluvium,,,,,,,,
2009,May,256.4,30.7,23.9,Ambalapuzha,2.2,1.1,Coastal Alluvium,8.75,161,13,3.9,20,0.34,3,48
2009,May,256.4,30.7,23.9,Aryad,1.62,0.88,Coastal Alluvium,,,,,,,,
2009,May,256.4,30.7,23.9,Bharanikkavu,7.91,6.27,Lateritic Soil,,,,,,,,
2009,May,256.4,30.7,23.9,Champakulam,1.5,0.44,Riverine Alluvium,,,,,,,,
2009,May,256.4,30.7,23.9,Chengannur,4.36,2.78,Lateritic Soil,,,,,,,,
2009,May,256.4,30.7,23.9,Haripad,1.65,0.71,Coastal Alluvium,7.9,197,44,10,30,0.33,4.3,44
2009,May,256.4,30.7,23.9,Kanjikuzhy,1.71,1.12,Lateritic Soil,,,,,,,,
2009,May,256.4,30.7,23.9,Mavelikkara,3.34,1.7,Lateritic Soil,,,,,,,,
2009,May,256.4,30.7,23.9,Muthukulam,2.89,1.57,Coastal Alluvium,,,,,,,,
2009,May,256.4,30.7,23.9,Pattanakad,1.98,0.9,Coastal Alluvium,8.28,523,29,1.9,41,0.13,5.4,80
2009,May,256.4,30.7,23.9,Thaikkatussery,2.23,1.06,Coastal Alluvium,,,,,,,,
2009,May,256.4,30.7,23.9,Veliyanad,0.84,0.45,Riverine Alluvium,,,,,,,,
2009,Jun,559.8,30.7,23.9,Ambalapuzha,2.2,1.1,Coastal Alluvium,8.75,161,13,3.9,20,0.34,3,48
2009,Jun,559.8,30.7,23.9,Aryad,1.62,0.88,Coastal Alluvium,,,,,,,,
2009,Jun,559.8,30.7,23.9,Bharanikkavu,7.91,6.27,Lateritic Soil,,,,,,,,
2009,Jun,559.8,30.7,23.9,Champakulam,1.5,0.44,Riverine Alluvium,,,,,,,,
2009,Jun,559.8,30.7,23.9,Chengannur,4.36,2.78,Lateritic Soil,,,,,,,,
2009,Jun,559.8,30.7,23.9,Haripad,1.65,0.71,Coastal Alluvium,7.9,197,44,10,30,0.33,4.3,44
2009,Jun,559.8,30.7,23.9,Kanjikuzhy,1.71,1.12,Lateritic Soil,,,,,,,,
2009,Jun,559.8,30.7,23.9,Mavelikkara,3.34,1.7,Lateritic Soil,,,,,,,,
2009,Jun,559.8,30.7,23.9,Muthukulam,2.89,1.57,Coastal Alluvium,,,,,,,,
2009,Jun,559.8,30.7,23.9,Pattanakad,1.98,0.9,Coastal Alluvium,8.28,523,29,1.9,41,0.13,5.4,80
2009,Jun,559.8,30.7,23.9,Thaikkatussery,2.23,1.06,Coastal Alluvium,,,,,,,,
2009,Jun,559.8,30.7,23.9,Veliyanad,0.84,0.45,Riverine Alluvium,,,,,,,,
2009,Jul,503.3,30.7,23.9,Ambalapuzha,2.2,1.1,Coastal Alluvium,8.75,161,13,3.9,20,0.34,3,48
2009,Jul,503.3,30.7,23.9,Aryad,1.62,0.88,Coastal Alluvium,,,,,,,,
2009,Jul,503.3,30.7,23.9,Bharanikkavu,7.91,6.27,Lateritic Soil,,,,,,,,
2009,Jul,503.3,30.7,23.9,Champakulam,1.5,0.44,Riverine Alluvium,,,,,,,,
2009,Jul,503.3,30.7,23.9,Chengannur,4.36,2.78,Lateritic Soil,,,,,,,,
2009,Jul,503.3,30.7,23.9,Haripad,1.65,0.71,Coastal Alluvium,7.9,197,44,10,30,0.33,4.3,44
2009,Jul,503.3,30.7,23.9,Kanjikuzhy,1.71,1.12,Lateritic Soil,,,,,,,,
2009,Jul,503.3,30.7,23.9,Mavelikkara,3.34,1.7,Lateritic Soil,,,,,,,,
2009,Jul,503.3,30.7,23.9,Muthukulam,2.89,1.57,Coastal Alluvium,,,,,,,,
2009,Jul,503.3,30.7,23.9,Pattanakad,1.98,0.9,Coastal Alluvium,8.28,523,29,1.9,41,0.13,5.4,80
2009,Jul,503.3,30.7,23.9,Thaikkatussery,2.23,1.06,Coastal Alluvium,,,,,,,,
2009,Jul,503.3,30.7,23.9,Veliyanad,0.84,0.45,Riverine Alluvium,,,,,,,,
2009,Aug,164.0,30.7,23.9,Ambalapuzha,2.2,1.1,Coastal Alluvium,8.75,161,13,3.9,20,0.34,3,48
2009,Aug,164.0,30.7,23.9,Aryad,1.62,0.88,Coastal Alluvium,,,,,,,,
2009,Aug,164.0,30.7,23.9,Bharanikkavu,7.91,6.27,Lateritic Soil,,,,,,,,
2009,Aug,164.0,30.7,23.9,Champakulam,1.5,0.44,Riverine Alluvium,,,,,,,,
2009,Aug,164.0,30.7,23.9,Chengannur,4.36,2.78,Lateritic Soil,,,,,,,,
2009,Aug,164.0,30.7,23.9,Haripad,1.65,0.71,Coastal Alluvium,7.9,197,44,10,30,0.33,4.3,44
2009,Aug,164.0,30.7,23.9,Kanjikuzhy,1.71,1.12,Lateritic Soil,,,,,,,,
2009,Aug,164.0,30.7,23.9,Mavelikkara,3.34,1.7,Lateritic Soil,,,,,,,,
2009,Aug,164.0,30.7,23.9,Muthukulam,2.89,1.57,Coastal Alluvium,,,,,,,,
2009,Aug,164.0,30.7,23.9,Pattanakad,1.98,0.9,Coastal Alluvium,8.28,523,29,1.9,41,0.13,5.4,80
2009,Aug,164.0,30.7,23.9,Thaikkatussery,2.23,1.06,Coastal Alluvium,,,,,,,,
2009,Aug,164.0,30.7,23.9,Veliyanad,0.84,0.45,Riverine Alluvium,,,,,,,,
2009,Sep,250.3,30.7,23.9,Ambalapuzha,2.2,1.1,Coastal Alluvium,8.75,161,13,3.9,20,0.34,3,48
2009,Sep,250.3,30.7,23.9,Aryad,1.62,0.88,Coastal Alluvium,,,,,,,,
2009,Sep,250.3,30.7,23.9,Bharanikkavu,7.91,6.27,Lateritic Soil,,,,,,,,
2009,Sep,250.3,30.7,23.9,Champakulam,1.5,0.44,Riverine Alluvium,,,,,,,,
2009,Sep,250.3,30.7,23.9,Chengannur,4.36,2.78,Lateritic Soil,,,,,,,,
2009,Sep,250.3,30.7,23.9,Haripad,1.65,0.71,Coastal Alluvium,7.9,197,44,10,30,0.33,4.3,44
2009,Sep,250.3,30.7,23.9,Kanjikuzhy,1.71,1.12,Lateritic Soil,,,,,,,,
2009,Sep,250.3,30.7,23.9,Mavelikkara,3.34,1.7,Lateritic Soil,,,,,,,,
2009,Sep,250.3,30.7,23.9,Muthukulam,2.89,1.57,Coastal Alluvium,,,,,,,,
2009,Sep,250.3,30.7,23.9,Pattanakad,1.98,0.9,Coastal Alluvium,8.28,523,29,1.9,41,0.13,5.4,80
2009,Sep,250.3,30.7,23.9,Thaikkatussery,2.23,1.06,Coastal Alluvium,,,,,,,,
2009,Sep,250.3,30.7,23.9,Veliyanad,0.84,0.45,Riverine Alluvium,,,,,,,,
2009,Oct,210.9,30.7,23.9,Ambalapuzha,2.2,1.1,Coastal Alluvium,8.75,161,13,3.9,20,0.34,3,48
2009,Oct,210.9,30.7,23.9,Aryad,1.62,0.88,Coastal Alluvium,,,,,,,,
2009,Oct,210.9,30.7,23.9,Bharanikkavu,7.91,6.27,Lateritic Soil,,,,,,,,
2009,Oct,210.9,30.7,23.9,Champakulam,1.5,0.44,Riverine Alluvium,,,,,,,,
2009,Oct,210.9,30.7,23.9,Chengannur,4.36,2.78,Lateritic Soil,,,,,,,,
2009,Oct,210.9,30.7,23.9,Haripad,1.65,0.71,Coastal Alluvium,7.9,197,44,10,30,0.33,4.3,44
2009,Oct,210.9,30.7,23.9,Kanjikuzhy,1.71,1.12,Lateritic Soil,,,,,,,,
2009,Oct,210.9,30.7,23.9,Mavelikkara,3.34,1.7,Lateritic Soil,,,,,,,,
2009,Oct,210.9,30.7,23.9,Muthukulam,2.89,1.57,Coastal Alluvium,,,,,,,,
2009,Oct,210.9,30.7,23.9,Pattanakad,1.98,0.9,Coastal Alluvium,8.28,523,29,1.9,41,0.13,5.4,80
2009,Oct,210.9,30.7,23.9,Thaikkatussery,2.23,1.06,Coastal Alluvium,,,,,,,,
2009,Oct,210.9,30.7,23.9,Veliyanad,0.84,0.45,Riverine Alluvium,,,,,,,,
2009,Nov,318.5,30.7,23.9,Ambalapuzha,2.2,1.1,Coastal Alluvium,8.75,161,13,3.9,20,0.34,3,48
2009,Nov,318.5,30.7,23.9,Aryad,1.62,0.88,Coastal Alluvium,,,,,,,,
2009,Nov,318.5,30.7,23.9,Bharanikkavu,7.91,6.27,Lateritic Soil,,,,,,,,
2009,Nov,318.5,30.7,23.9,Champakulam,1.5,0.44,Riverine Alluvium,,,,,,,,
2009,Nov,318.5,30.7,23.9,Chengannur,4.36,2.78,Lateritic Soil,,,,,,,,
2009,Nov,318.5,30.7,23.9,Haripad,1.65,0.71,Coastal Alluvium,7.9,197,44,10,30,0.33,4.3,44
2009,Nov,318.5,30.7,23.9,Kanjikuzhy,1.71,1.12,Lateritic Soil,,,,,,,,
2009,Nov,318.5,30.7,23.9,Mavelikkara,3.34,1.7,Lateritic Soil,,,,,,,,
2009,Nov,318.5,30.7,23.9,Muthukulam,2.89,1.57,Coastal Alluvium,,,,,,,,
2009,Nov,318.5,30.7,23.9,Pattanakad,1.98,0.9,Coastal Alluvium,8.28,523,29,1.9,41,0.13,5.4,80
2009,Nov,318.5,30.7,23.9,Thaikkatussery,2.23,1.06,Coastal Alluvium,,,,,,,,
2009,Nov,318.5,30.7,23.9,Veliyanad,0.84,0.45,Riverine Alluvium,,,,,,,,
2009,Dec,54.6,30.7,23.9,Ambalapuzha,2.2,1.1,Coastal Alluvium,8.75,161,13,3.9,20,0.34,3,48
2009,Dec,54.6,30.7,23.9,Aryad,1.62,0.88,Coastal Alluvium,,,,,,,,
2009,Dec,54.6,30.7,23.9,Bharanikkavu,7.91,6.27,Lateritic Soil,,,,,,,,
2009,Dec,54.6,30.7,23.9,Champakulam,1.5,0.44,Riverine Alluvium,,,,,,,,
2009,Dec,54.6,30.7,23.9,Chengannur,4.36,2.78,Lateritic Soil,,,,,,,,
2009,Dec,54.6,30.7,23.9,Haripad,1.65,0.71,Coastal Alluvium,7.9,197,44,10,30,0.33,4.3,44
2009,Dec,54.6,30.7,23.9,Kanjikuzhy,1.71,1.12,Lateritic Soil,,,,,,,,
2009,Dec,54.6,30.7,23.9,Mavelikkara,3.34,1.7,Lateritic Soil,,,,,,,,
2009,Dec,54.6,30.7,23.9,Muthukulam,2.89,1.57,Coastal Alluvium,,,,,,,,
2009,Dec,54.6,30.7,23.9,Pattanakad,1.98,0.9,Coastal Alluvium,8.28,523,29,1.9,41,0.13,5.4,80
2009,Dec,54.6,30.7,23.9,Thaikkatussery,2.23,1.06,Coastal Alluvium,,,,,,,,
2009,Dec,54.6,30.7,23.9,Veliyanad,0.84,0.45,Riverine Alluvium,,,,,,,,
2010,Jan,16.6,30.7,23.9,Ambalapuzha,2.2,1.1,Coastal Alluvium,,,,,,,,
2010,Jan,16.6,30.7,23.9,Aryad,1.62,0.88,Coastal Alluvium,,,,,,,,
2010,Jan,16.6,30.7,23.9,Bharanikkavu,7.91,6.27,Lateritic Soil,,,,,,,,
2010,Jan,16.6,30.7,23.9,Champakulam,1.5,0.44,Riverine Alluvium,,,,,,,,
2010,Jan,16.6,30.7,23.9,Chengannur,4.36,2.78,Lateritic Soil,,,,,,,,
2010,Jan,16.6,30.7,23.9,Haripad,1.65,0.71,Coastal Alluvium,,,,,,,,
2010,Jan,16.6,30.7,23.9,Kanjikuzhy,1.71,1.12,Lateritic Soil,,,,,,,,
2010,Jan,16.6,30.7,23.9,Mavelikkara,3.34,1.7,Lateritic Soil,,,,,,,,
2010,Jan,16.6,30.7,23.9,Muthukulam,2.89,1.57,Coastal Alluvium,,,,,,,,
2010,Jan,16.6,30.7,23.9,Pattanakad,1.98,0.9,Coastal Alluvium,,,,,,,,
2010,Jan,16.6,30.7,23.9,Thaikkatussery,2.23,1.06,Coastal Alluvium,,,,,,,,
2010,Jan,16.6,30.7,23.9,Veliyanad,0.84,0.45,Riverine Alluvium,,,,,,,,
2010,Feb,2.2,30.7,23.9,Ambalapuzha,2.2,1.1,Coastal Alluvium,,,,,,,,
2010,Feb,2.2,30.7,23.9,Aryad,1.62,0.88,Coastal Alluvium,,,,,,,,
2010,Feb,2.2,30.7,23.9,Bharanikkavu,7.91,6.27,Lateritic Soil,,,,,,,,
2010,Feb,2.2,30.7,23.9,Champakulam,1.5,0.44,Riverine Alluvium,,,,,,,,
2010,Feb,2.2,30.7,23.9,Chengannur,4.36,2.78,Lateritic Soil,,,,,,,,
2010,Feb,2.2,30.7,23.9,Haripad,1.65,0.71,Coastal Alluvium,,,,,,,,
2010,Feb,2.2,30.7,23.9,Kanjikuzhy,1.71,1.12,Lateritic Soil,,,,,,,,
2010,Feb,2.2,30.7,23.9,Mavelikkara,3.34,1.7,Lateritic Soil,,,,,,,,
2010,Feb,2.2,30.7,23.9,Muthukulam,2.89,1.57,Coastal Alluvium,,,,,,,,
2010,Feb,2.2,30.7,23.9,Pattanakad,1.98,0.9,Coastal Alluvium,,,,,,,,
2010,Feb,2.2,30.7,23.9,Thaikkatussery,2.23,1.06,Coastal Alluvium,,,,,,,,
2010,Feb,2.2,30.7,23.9,Veliyanad,0.84,0.45,Riverine Alluvium,,,,,,,,
2010,Mar,92.7,30.7,23.9,Ambalapuzha,2.2,1.1,Coastal Alluvium,,,,,,,,
2010,Mar,92.7,30.7,23.9,Aryad,1.62,0.88,Coastal Alluvium,,,,,,,,
2010,Mar,92.7,30.7,23.9,Bharanikkavu,7.91,6.27,Lateritic Soil,,,,,,,,
2010,Mar,92.7,30.7,23.9,Champakulam,1.5,0.44,Riverine Alluvium,,,,,,,,
2010,Mar,92.7,30.7,23.9,Chengannur,4.36,2.78,Lateritic Soil,,,,,,,,
2010,Mar,92.7,30.7,23.9,Haripad,1.65,0.71,Coastal Alluvium,,,,,,,,
2010,Mar,92.7,30.7,23.9,Kanjikuzhy,1.71,1.12,Lateritic Soil,,,,,,,,
2010,Mar,92.7,30.7,23.9,Mavelikkara,3.34,1.7,Lateritic Soil,,,,,,,,
2010,Mar,92.7,30.7,23.9,Muthukulam,2.89,1.57,Coastal Alluvium,,,,,,,,
2010,Mar,92.7,30.7,23.9,Pattanakad,1.98,0.9,Coastal Alluvium,,,,,,,,
2010,Mar,92.7,30.7,23.9,Thaikkatussery,2.23,1.06,Coastal Alluvium,,,,,,,,
2010,Mar,92.7,30.7,23.9,Veliyanad,0.84,0.45,Riverine Alluvium,,,,,,,,
2010,Apr,161.6,30.7,23.9,Ambalapuzha,2.2,1.1,Coastal Alluvium,,,,,,,,
2010,Apr,161.6,30.7,23.9,Aryad,1.62,0.88,Coastal Alluvium,,,,,,,,
2010,Apr,161.6,30.7,23.9,Bharanikkavu,7.91,6.27,Lateritic Soil,,,,,,,,
2010,Apr,161.6,30.7,23.9,Champakulam,1.5,0.44,Riverine Alluvium,,,,,,,,
2010,Apr,161.6,30.7,23.9,Chengannur,4.36,2.78,Lateritic Soil,,,,,,,,
2010,Apr,161.6,30.7,23.9,Haripad,1.65,0.71,Coastal Alluvium,,,,,,,,
2010,Apr,161.6,30.7,23.9,Kanjikuzhy,1.71,1.12,Lateritic Soil,,,,,,,,
2010,Apr,161.6,30.7,23.9,Mavelikkara,3.34,1.7,Lateritic Soil,,,,,,,,
2010,Apr,161.6,30.7,23.9,Muthukulam,2.89,1.57,Coastal Alluvium,,,,,,,,
2010,Apr,161.6,30.7,23.9,Pattanakad,1.98,0.9,Coastal Alluvium,,,,,,,,
2010,Apr,161.6,30.7,23.9,Thaikkatussery,2.23,1.06,Coastal Alluvium,,,,,,,,
2010,Apr,161.6,30.7,23.9,Veliyanad,0.84,0.45,Riverine Alluvium,,,,,,,,
2010,May,322.0,30.7,23.9,Ambalapuzha,2.2,1.1,Coastal Alluvium,,,,,,,,
2010,May,322.0,30.7,23.9,Aryad,1.62,0.88,Coastal Alluvium,,,,,,,,
2010,May,322.0,30.7,23.9,Bharanikkavu,7.91,6.27,Lateritic Soil,,,,,,,,
2010,May,322.0,30.7,23.9,Champakulam,1.5,0.44,Riverine Alluvium,,,,,,,,
2010,May,322.0,30.7,23.9,Chengannur,4.36,2.78,Lateritic Soil,,,,,,,,
2010,May,322.0,30.7,23.9,Haripad,1.65,0.71,Coastal Alluvium,,,,,,,,
2010,May,322.0,30.7,23.9,Kanjikuzhy,1.71,1.12,Lateritic Soil,,,,,,,,
2010,May,322.0,30.7,23.9,Mavelikkara,3.34,1.7,Lateritic Soil,,,,,,,,
2010,May,322.0,30.7,23.9,Muthukulam,2.89,1.57,Coastal Alluvium,,,,,,,,
2010,May,322.0,30.7,23.9,Pattanakad,1.98,0.9,Coastal Alluvium,,,,,,,,
2010,May,322.0,30.7,23.9,Thaikkatussery,2.23,1.06,Coastal Alluvium,,,,,,,,
2010,May,322.0,30.7,23.9,Veliyanad,0.84,0.45,Riverine Alluvium,,,,,,,,
2010,Jun,529.3,30.7,23.9,Ambalapuzha,2.2,1.1,Coastal Alluvium,,,,,,,,
2010,Jun,529.3,30.7,23.9,Aryad,1.62,0.88,Coastal Alluvium,,,,,,,,
2010,Jun,529.3,30.7,23.9,Bharanikkavu,7.91,6.27,Lateritic Soil,,,,,,,,
2010,Jun,529.3,30.7,23.9,Champakulam,1.5,0.44,Riverine Alluvium,,,,,,,,
2010,Jun,529.3,30.7,23.9,Chengannur,4.36,2.78,Lateritic Soil,,,,,,,,
2010,Jun,529.3,30.7,23.9,Haripad,1.65,0.71,Coastal Alluvium,,,,,,,,
2010,Jun,529.3,30.7,23.9,Kanjikuzhy,1.71,1.12,Lateritic Soil,,,,,,,,
2010,Jun,529.3,30.7,23.9,Mavelikkara,3.34,1.7,Lateritic Soil,,,,,,,,
2010,Jun,529.3,30.7,23.9,Muthukulam,2.89,1.57,Coastal Alluvium,,,,,,,,
2010,Jun,529.3,30.7,23.9,Pattanakad,1.98,0.9,Coastal Alluvium,,,,,,,,
2010,Jun,529.3,30.7,23.9,Thaikkatussery,2.23,1.06,Coastal Alluvium,,,,,,,,
2010,Jun,529.3,30.7,23.9,Veliyanad,0.84,0.45,Riverine Alluvium,,,,,,,,
2010,Jul,474.6,30.7,23.9,Ambalapuzha,2.2,1.1,Coastal Alluvium,,,,,,,,
2010,Jul,474.6,30.7,23.9,Aryad,1.62,0.88,Coastal Alluvium,,,,,,,,
2010,Jul,474.6,30.7,23.9,Bharanikkavu,7.91,6.27,Lateritic Soil,,,,,,,,
2010,Jul,474.6,30.7,23.9,Champakulam,1.5,0.44,Riverine Alluvium,,,,,,,,
2010,Jul,474.6,30.7,23.9,Chengannur,4.36,2.78,Lateritic Soil,,,,,,,,
2010,Jul,474.6,30.7,23.9,Haripad,1.65,0.71,Coastal Alluvium,,,,,,,,
2010,Jul,474.6,30.7,23.9,Kanjikuzhy,1.71,1.12,Lateritic Soil,,,,,,,,
2010,Jul,474.6,30.7,23.9,Mavelikkara,3.34,1.7,Lateritic Soil,,,,,,,,
2010,Jul,474.6,30.7,23.9,Muthukulam,2.89,1.57,Coastal Alluvium,,,,,,,,
2010,Jul,474.6,30.7,23.9,Pattanakad,1.98,0.9,Coastal Alluvium,,,,,,,,
2010,Jul,474.6,30.7,23.9,Thaikkatussery,2.23,1.06,Coastal Alluvium,,,,,,,,
2010,Jul,474.6,30.7,23.9,Veliyanad,0.84,0.45,Riverine Alluvium,,,,,,,,
2010,Aug,255.9,30.7,23.9,Ambalapuzha,2.2,1.1,Coastal Alluvium,,,,,,,,
2010,Aug,255.9,30.7,23.9,Aryad,1.62,0.88,Coastal Alluvium,,,,,,,,
2010,Aug,255.9,30.7,23.9,Bharanikkavu,7.91,6.27,Lateritic Soil,,,,,,,,
2010,Aug,255.9,30.7,23.9,Champakulam,1.5,0.44,Riverine Alluvium,,,,,,,,
2010,Aug,255.9,30.7,23.9,Chengannur,4.36,2.78,Lateritic Soil,,,,,,,,
2010,Aug,255.9,30.7,23.9,Haripad,1.65,0.71,Coastal Alluvium,,,,,,,,
2010,Aug,255.9,30.7,23.9,Kanjikuzhy,1.71,1.12,Lateritic Soil,,,,,,,,
2010,Aug,255.9,30.7,23.9,Mavelikkara,3.34,1.7,Lateritic Soil,,,,,,,,
2010,Aug,255.9,30.7,23.9,Muthukulam,2.89,1.57,Coastal Alluvium,,,,,,,,
2010,Aug,255.9,30.7,23.9,Pattanakad,1.98,0.9,Coastal Alluvium,,,,,,,,
2010,Aug,255.9,30.7,23.9,Thaikkatussery,2.23,1.06,Coastal Alluvium,,,,,,,,
2010,Aug,255.9,30.7,23.9,Veliyanad,0.84,0.45,Riverine Alluvium,,,,,,,,
2010,Sep,242.3,30.7,23.9,Ambalapuzha,2.2,1.1,Coastal Alluvium,,,,,,,,
2010,Sep,242.3,30.7,23.9,Aryad,1.62,0.88,Coastal Alluvium,,,,,,,,
2010,Sep,242.3,30.7,23.9,Bharanikkavu,7.91,6.27,Lateritic Soil,,,,,,,,
2010,Sep,242.3,30.7,23.9,Champakulam,1.5,0.44,Riverine Alluvium,,,,,,,,
2010,Sep,242.3,30.7,23.9,Chengannur,4.36,2.78,Lateritic Soil,,,,,,,,
2010,Sep,242.3,30.7,23.9,Haripad,1.65,0.71,Coastal Alluvium,,,,,,,,
2010,Sep,242.3,30.7,23.9,Kanjikuzhy,1.71,1.12,Lateritic Soil,,,,,,,,
2010,Sep,242.3,30.7,23.9,Mavelikkara,3.34,1.7,Lateritic Soil,,,,,,,,
2010,Sep,242.3,30.7,23.9,Muthukulam,2.89,1.57,Coastal Alluvium,,,,,,,,
2010,Sep,242.3,30.7,23.9,Pattanakad,1.98,0.9,Coastal Alluvium,,,,,,,,
2010,Sep,242.3,30.7,23.9,Thaikkatussery,2.23,1.06,Coastal Alluvium,,,,,,,,
2010,Sep,242.3,30.7,23.9,Veliyanad,0.84,0.45,Riverine Alluvium,,,,,,,,
2010,Oct,555.1,30.7,23.9,Ambalapuzha,2.2,1.1,Coastal Alluvium,,,,,,,,
2010,Oct,555.1,30.7,23.9,Aryad,1.62,0.88,Coastal Alluvium,,,,,,,,
2010,Oct,555.1,30.7,23.9,Bharanikkavu,7.91,6.27,Lateritic Soil,,,,,,,,
2010,Oct,555.1,30.7,23.9,Champakulam,1.5,0.44,Riverine Alluvium,,,,,,,,
2010,Oct,555.1,30.7,23.9,Chengannur,4.36,2.78,Lateritic Soil,,,,,,,,
2010,Oct,555.1,30.7,23.9,Haripad,1.65,0.71,Coastal Alluvium,,,,,,,,
2010,Oct,555.1,30.7,23.9,Kanjikuzhy,1.71,1.12,Lateritic Soil,,,,,,,,
2010,Oct,555.1,30.7,23.9,Mavelikkara,3.34,1.7,Lateritic Soil,,,,,,,,
2010,Oct,555.1,30.7,23.9,Muthukulam,2.89,1.57,Coastal Alluvium,,,,,,,,
2010,Oct,555.1,30.7,23.9,Pattanakad,1.98,0.9,Coastal Alluvium,,,,,,,,
2010,Oct,555.1,30.7,23.9,Thaikkatussery,2.23,1.06,Coastal Alluvium,,,,,,,,
2010,Oct,555.1,30.7,23.9,Veliyanad,0.84,0.45,Riverine Alluvium,,,,,,,,
2010,Nov,309.3,30.7,23.9,Ambalapuzha,2.2,1.1,Coastal Alluvium,,,,,,,,
2010,Nov,309.3,30.7,23.9,Aryad,1.62,0.88,Coastal Alluvium,,,,,,,,
2010,Nov,309.3,30.7,23.9,Bharanikkavu,7.91,6.27,Lateritic Soil,,,,,,,,
2010,Nov,309.3,30.7,23.9,Champakulam,1.5,0.44,Riverine Alluvium,,,,,,,,
2010,Nov,309.3,30.7,23.9,Chengannur,4.36,2.78,Lateritic Soil,,,,,,,,
2010,Nov,309.3,30.7,23.9,Haripad,1.65,0.71,Coastal Alluvium,,,,,,,,
2010,Nov,309.3,30.7,23.9,Kanjikuzhy,1.71,1.12,Lateritic Soil,,,,,,,,
2010,Nov,309.3,30.7,23.9,Mavelikkara,3.34,1.7,Lateritic Soil,,,,,,,,
2010,Nov,309.3,30.7,23.9,Muthukulam,2.89,1.57,Coastal Alluvium,,,,,,,,
2010,Nov,309.3,30.7,23.9,Pattanakad,1.98,0.9,Coastal Alluvium,,,,,,,,
2010,Nov,309.3,30.7,23.9,Thaikkatussery,2.23,1.06,Coastal Alluvium,,,,,,,,
2010,Nov,309.3,30.7,23.9,Veliyanad,0.84,0.45,Riverine Alluvium,,,,,,,,
2010,Dec,96.8,30.7,23.9,Ambalapuzha,2.2,1.1,Coastal Alluvium,,,,,,,,
2010,Dec,96.8,30.7,23.9,Aryad,1.62,0.88,Coastal Alluvium,,,,,,,,
2010,Dec,96.8,30.7,23.9,Bharanikkavu,7.91,6.27,Lateritic Soil,,,,,,,,
2010,Dec,96.8,30.7,23.9,Champakulam,1.5,0.44,Riverine Alluvium,,,,,,,,
2010,Dec,96.8,30.7,23.9,Chengannur,4.36,2.78,Lateritic Soil,,,,,,,,
2010,Dec,96.8,30.7,23.9,Haripad,1.65,0.71,Coastal Alluvium,,,,,,,,
2010,Dec,96.8,30.7,23.9,Kanjikuzhy,1.71,1.12,Lateritic Soil,,,,,,,,
2010,Dec,96.8,30.7,23.9,Mavelikkara,3.34,1.7,Lateritic Soil,,,,,,,,
2010,Dec,96.8,30.7,23.9,Muthukulam,2.89,1.57,Coastal Alluvium,,,,,,,,
2010,Dec,96.8,30.7,23.9,Pattanakad,1.98,0.9,Coastal Alluvium,,,,,,,,
2010,Dec,96.8,30.7,23.9,Thaikkatussery,2.23,1.06,Coastal Alluvium,,,,,,,,
2010,Dec,96.8,30.7,23.9,Veliyanad,0.84,0.45,Riverine Alluvium,,,,,,,,
2011,Jan,18.0,30.7,23.9,Ambalapuzha,2.2,1.1,Coastal Alluvium,,,,,,,,
2011,Jan,18.0,30.7,23.9,Aryad,1.62,0.88,Coastal Alluvium,,,,,,,,
2011,Jan,18.0,30.7,23.9,Bharanikkavu,7.91,6.27,Lateritic Soil,,,,,,,,
2011,Jan,18.0,30.7,23.9,Champakulam,1.5,0.44,Riverine Alluvium,,,,,,,,
2011,Jan,18.0,30.7,23.9,Chengannur,4.36,2.78,Lateritic Soil,,,,,,,,
2011,Jan,18.0,30.7,23.9,Haripad,1.65,0.71,Coastal Alluvium,,,,,,,,
2011,Jan,18.0,30.7,23.9,Kanjikuzhy,1.71,1.12,Lateritic Soil,,,,,,,,
2011,Jan,18.0,30.7,23.9,Mavelikkara,3.34,1.7,Lateritic Soil,,,,,,,,
2011,Jan,18.0,30.7,23.9,Muthukulam,2.89,1.57,Coastal Alluvium,,,,,,,,
2011,Jan,18.0,30.7,23.9,Pattanakad,1.98,0.9,Coastal Alluvium,,,,,,,,
2011,Jan,18.0,30.7,23.9,Thaikkatussery,2.23,1.06,Coastal Alluvium,,,,,,,,
2011,Jan,18.0,30.7,23.9,Veliyanad,0.84,0.45,Riverine Alluvium,,,,,,,,
2011,Feb,28.0,30.7,23.9,Ambalapuzha,2.2,1.1,Coastal Alluvium,,,,,,,,
2011,Feb,28.0,30.7,23.9,Aryad,1.62,0.88,Coastal Alluvium,,,,,,,,
2011,Feb,28.0,30.7,23.9,Bharanikkavu,7.91,6.27,Lateritic Soil,,,,,,,,
2011,Feb,28.0,30.7,23.9,Champakulam,1.5,0.44,Riverine Alluvium,,,,,,,,
2011,Feb,28.0,30.7,23.9,Chengannur,4.36,2.78,Lateritic Soil,,,,,,,,
2011,Feb,28.0,30.7,23.9,Haripad,1.65,0.71,Coastal Alluvium,,,,,,,,
2011,Feb,28.0,30.7,23.9,Kanjikuzhy,1.71,1.12,Lateritic Soil,,,,,,,,
2011,Feb,28.0,30.7,23.9,Mavelikkara,3.34,1.7,Lateritic Soil,,,,,,,,
2011,Feb,28.0,30.7,23.9,Muthukulam,2.89,1.57,Coastal Alluvium,,,,,,,,
2011,Feb,28.0,30.7,23.9,Pattanakad,1.98,0.9,Coastal Alluvium,,,,,,,,
2011,Feb,28.0,30.7,23.9,Thaikkatussery,2.23,1.06,Coastal Alluvium,,,,,,,,
2011,Feb,28.0,30.7,23.9,Veliyanad,0.84,0.45,Riverine Alluvium,,,,,,,,
2011,Mar,43.0,30.7,23.9,Ambalapuzha,2.2,1.1,Coastal Alluvium,,,,,,,,
2011,Mar,43.0,30.7,23.9,Aryad,1.62,0.88,Coastal Alluvium,,,,,,,,
2011,Mar,43.0,30.7,23.9,Bharanikkavu,7.91,6.27,Lateritic Soil,,,,,,,,
2011,Mar,43.0,30.7,23.9,Champakulam,1.5,0.44,Riverine Alluvium,,,,,,,,
2011,Mar,43.0,30.7,23.9,Chengannur,4.36,2.78,Lateritic Soil,,,,,,,,
2011,Mar,43.0,30.7,23.9,Haripad,1.65,0.71,Coastal Alluvium,,,,,,,,
2011,Mar,43.0,30.7,23.9,Kanjikuzhy,1.71,1.12,Lateritic Soil,,,,,,,,
2011,Mar,43.0,30.7,23.9,Mavelikkara,3.34,1.7,Lateritic Soil,,,,,,,,
2011,Mar,43.0,30.7,23.9,Muthukulam,2.89,1.57,Coastal Alluvium,,,,,,,,
2011,Mar,43.0,30.7,23.9,Pattanakad,1.98,0.9,Coastal Alluvium,,,,,,,,
2011,Mar,43.0,30.7,23.9,Thaikkatussery,2.23,1.06,Coastal Alluvium,,,,,,,,
2011,Mar,43.0,30.7,23.9,Veliyanad,0.84,0.45,Riverine Alluvium,,,,,,,,
2011,Apr,180.0,30.7,23.9,Ambalapuzha,2.2,1.1,Coastal Alluvium,,,,,,,,
2011,Apr,180.0,30.7,23.9,Aryad,1.62,0.88,Coastal Alluvium,,,,,,,,
2011,Apr,180.0,30.7,23.9,Bharanikkavu,7.91,6.27,Lateritic Soil,,,,,,,,
2011,Apr,180.0,30.7,23.9,Champakulam,1.5,0.44,Riverine Alluvium,,,,,,,,
2011,Apr,180.0,30.7,23.9,Chengannur,4.36,2.78,Lateritic Soil,,,,,,,,
2011,Apr,180.0,30.7,23.9,Haripad,1.65,0.71,Coastal Alluvium,,,,,,,,
2011,Apr,180.0,30.7,23.9,Kanjikuzhy,1.71,1.12,Lateritic Soil,,,,,,,,
2011,Apr,180.0,30.7,23.9,Mavelikkara,3.34,1.7,Lateritic Soil,,,,,,,,
2011,Apr,180.0,30.7,23.9,Muthukulam,2.89,1.57,Coastal Alluvium,,,,,,,,
2011,Apr,180.0,30.7,23.9,Pattanakad,1.98,0.9,Coastal Alluvium,,,,,,,,
2011,Apr,180.0,30.7,23.9,Thaikkatussery,2.23,1.06,Coastal Alluvium,,,,,,,,
2011,Apr,180.0,30.7,23.9,Veliyanad,0.84,0.45,Riverine Alluvium,,,,,,,,
2011,May,254.0,30.7,23.9,Ambalapuzha,2.2,1.1,Coastal Alluvium,,,,,,,,
2011,May,254.0,30.7,23.9,Aryad,1.62,0.88,Coastal Alluvium,,,,,,,,
2011,May,254.0,30.7,23.9,Bharanikkavu,7.91,6.27,Lateritic Soil,,,,,,,,
2011,May,254.0,30.7,23.9,Champakulam,1.5,0.44,Riverine Alluvium,,,,,,,,
2011,May,254.0,30.7,23.9,Chengannur,4.36,2.78,Lateritic Soil,,,,,,,,
2011,May,254.0,30.7,23.9,Haripad,1.65,0.71,Coastal Alluvium,,,,,,,,
2011,May,254.0,30.7,23.9,Kanjikuzhy,1.71,1.12,Lateritic Soil,,,,,,,,
2011,May,254.0,30.7,23.9,Mavelikkara,3.34,1.7,Lateritic Soil,,,,,,,,
2011,May,254.0,30.7,23.9,Muthukulam,2.89,1.57,Coastal Alluvium,,,,,,,,
2011,May,254.0,30.7,23.9,Pattanakad,1.98,0.9,Coastal Alluvium,,,,,,,,
2011,May,254.0,30.7,23.9,Thaikkatussery,2.23,1.06,Coastal Alluvium,,,,,,,,
2011,May,254.0,30.7,23.9,Veliyanad,0.84,0.45,Riverine Alluvium,,,,,,,,
2011,Jun,571.0,30.7,23.9,Ambalapuzha,2.2,1.1,Coastal Alluvium,,,,,,,,
2011,Jun,571.0,30.7,23.9,Aryad,1.62,0.88,Coastal Alluvium,,,,,,,,
2011,Jun,571.0,30.7,23.9,Bharanikkavu,7.91,6.27,Lateritic Soil,,,,,,,,
2011,Jun,571.0,30.7,23.9,Champakulam,1.5,0.44,Riverine Alluvium,,,,,,,,
2011,Jun,571.0,30.7,23.9,Chengannur,4.36,2.78,Lateritic Soil,,,,,,,,
2011,Jun,571.0,30.7,23.9,Haripad,1.65,0.71,Coastal Alluvium,,,,,,,,
2011,Jun,571.0,30.7,23.9,Kanjikuzhy,1.71,1.12,Lateritic Soil,,,,,,,,
2011,Jun,571.0,30.7,23.9,Mavelikkara,3.34,1.7,Lateritic Soil,,,,,,,,
2011,Jun,571.0,30.7,23.9,Muthukulam,2.89,1.57,Coastal Alluvium,,,,,,,,
2011,Jun,571.0,30.7,23.9,Pattanakad,1.98,0.9,Coastal Alluvium,,,,,,,,
2011,Jun,571.0,30.7,23.9,Thaikkatussery,2.23,1.06,Coastal Alluvium,,,,,,,,
2011,Jun,571.0,30.7,23.9,Veliyanad,0.84,0.45,Riverine Alluvium,,,,,,,,
2011,Jul,557.0,30.7,23.9,Ambalapuzha,2.2,1.1,Coastal Alluvium,,,,,,,,
2011,Jul,557.0,30.7,23.9,Aryad,1.62,0.88,Coastal Alluvium,,,,,,,,
2011,Jul,557.0,30.7,23.9,Bharanikkavu,7.91,6.27,Lateritic Soil,,,,,,,,
2011,Jul,557.0,30.7,23.9,Champakulam,1.5,0.44,Riverine Alluvium,,,,,,,,
2011,Jul,557.0,30.7,23.9,Chengannur,4.36,2.78,Lateritic Soil,,,,,,,,
2011,Jul,557.0,30.7,23.9,Haripad,1.65,0.71,Coastal Alluvium,,,,,,,,
2011,Jul,557.0,30.7,23.9,Kanjikuzhy,1.71,1.12,Lateritic Soil,,,,,,,,
2011,Jul,557.0,30.7,23.9,Mavelikkara,3.34,1.7,Lateritic Soil,,,,,,,,
2011,Jul,557.0,30.7,23.9,Muthukulam,2.89,1.57,Coastal Alluvium,,,,,,,,
2011,Jul,557.0,30.7,23.9,Pattanakad,1.98,0.9,Coastal Alluvium,,,,,,,,
2011,Jul,557.0,30.7,23.9,Thaikkatussery,2.23,1.06,Coastal Alluvium,,,,,,,,
2011,Jul,557.0,30.7,23.9,Veliyanad,0.84,0.45,Riverine Alluvium,,,,,,,,
2011,Aug,341.0,30.7,23.9,Ambalapuzha,2.2,1.1,Coastal Alluvium,,,,,,,,
2011,Aug,341.0,30.7,23.9,Aryad,1.62,0.88,Coastal Alluvium,,,,,,,,
2011,Aug,341.0,30.7,23.9,Bharanikkavu,7.91,6.27,Lateritic Soil,,,,,,,,
2011,Aug,341.0,30.7,23.9,Champakulam,1.5,0.44,Riverine Alluvium,,,,,,,,
2011,Aug,341.0,30.7,23.9,Chengannur,4.36,2.78,Lateritic Soil,,,,,,,,
2011,Aug,341.0,30.7,23.9,Haripad,1.65,0.71,Coastal Alluvium,,,,,,,,
2011,Aug,341.0,30.7,23.9,Kanjikuzhy,1.71,1.12,Lateritic Soil,,,,,,,,
2011,Aug,341.0,30.7,23.9,Mavelikkara,3.34,1.7,Lateritic Soil,,,,,,,,
2011,Aug,341.0,30.7,23.9,Muthukulam,2.89,1.57,Coastal Alluvium,,,,,,,,
2011,Aug,341.0,30.7,23.9,Pattanakad,1.98,0.9,Coastal Alluvium,,,,,,,,
2011,Aug,341.0,30.7,23.9,Thaikkatussery,2.23,1.06,Coastal Alluvium,,,,,,,,
2011,Aug,341.0,30.7,23.9,Veliyanad,0.84,0.45,Riverine Alluvium,,,,,,,,
2011,Sep,277.0,30.7,23.9,Ambalapuzha,2.2,1.1,Coastal Alluvium,,,,,,,,
2011,Sep,277.0,30.7,23.9,Aryad,1.62,0.88,Coastal Alluvium,,,,,,,,
2011,Sep,277.0,30.7,23.9,Bharanikkavu,7.91,6.27,Lateritic Soil,,,,,,,,
2011,Sep,277.0,30.7,23.9,Champakulam,1.5,0.44,Riverine Alluvium,,,,,,,,
2011,Sep,277.0,30.7,23.9,Chengannur,4.36,2.78,Lateritic Soil,,,,,,,,
2011,Sep,277.0,30.7,23.9,Haripad,1.65,0.71,Coastal Alluvium,,,,,,,,
2011,Sep,277.0,30.7,23.9,Kanjikuzhy,1.71,1.12,Lateritic Soil,,,,,,,,
2011,Sep,277.0,30.7,23.9,Mavelikkara,3.34,1.7,Lateritic Soil,,,,,,,,
2011,Sep,277.0,30.7,23.9,Muthukulam,2.89,1.57,Coastal Alluvium,,,,,,,,
2011,Sep,277.0,30.7,23.9,Pattanakad,1.98,0.9,Coastal Alluvium,,,,,,,,
2011,Sep,277.0,30.7,23.9,Thaikkatussery,2.23,1.06,Coastal Alluvium,,,,,,,,
2011,Sep,277.0,30.7,23.9,Veliyanad,0.84,0.45,Riverine Alluvium,,,,,,,,
2011,Oct,333.0,30.7,23.9,Ambalapuzha,2.2,1.1,Coastal Alluvium,,,,,,,,
2011,Oct,333.0,30.7,23.9,Aryad,1.62,0.88,Coastal Alluvium,,,,,,,,
2011,Oct,333.0,30.7,23.9,Bharanikkavu,7.91,6.27,Lateritic Soil,,,,,,,,
2011,Oct,333.0,30.7,23.9,Champakulam,1.5,0.44,Riverine Alluvium,,,,,,,,
2011,Oct,333.0,30.7,23.9,Chengannur,4.36,2.78,Lateritic Soil,,,,,,,,
2011,Oct,333.0,30.7,23.9,Haripad,1.65,0.71,Coastal Alluvium,,,,,,,,
2011,Oct,333.0,30.7,23.9,Kanjikuzhy,1.71,1.12,Lateritic Soil,,,,,,,,
2011,Oct,333.0,30.7,23.9,Mavelikkara,3.34,1.7,Lateritic Soil,,,,,,,,
2011,Oct,333.0,30.7,23.9,Muthukulam,2.89,1.57,Coastal Alluvium,,,,,,,,
2011,Oct,333.0,30.7,23.9,Pattanakad,1.98,0.9,Coastal Alluvium,,,,,,,,
2011,Oct,333.0,30.7,23.9,Thaikkatussery,2.23,1.06,Coastal Alluvium,,,,,,,,
2011,Oct,333.0,30.7,23.9,Veliyanad,0.84,0.45,Riverine Alluvium,,,,,,,,
2011,Nov,187.0,30.7,23.9,Ambalapuzha,2.2,1.1,Coastal Alluvium,,,,,,,,
2011,Nov,187.0,30.7,23.9,Aryad,1.62,0.88,Coastal Alluvium,,,,,,,,
2011,Nov,187.0,30.7,23.9,Bharanikkavu,7.91,6.27,Lateritic Soil,,,,,,,,
2011,Nov,187.0,30.7,23.9,Champakulam,1.5,0.44,Riverine Alluvium,,,,,,,,
2011,Nov,187.0,30.7,23.9,Chengannur,4.36,2.78,Lateritic Soil,,,,,,,,
2011,Nov,187.0,30.7,23.9,Haripad,1.65,0.71,Coastal Alluvium,,,,,,,,
2011,Nov,187.0,30.7,23.9,Kanjikuzhy,1.71,1.12,Lateritic Soil,,,,,,,,
2011,Nov,187.0,30.7,23.9,Mavelikkara,3.34,1.7,Lateritic Soil,,,,,,,,
2011,Nov,187.0,30.7,23.9,Muthukulam,2.89,1.57,Coastal Alluvium,,,,,,,,
2011,Nov,187.0,30.7,23.9,Pattanakad,1.98,0.9,Coastal Alluvium,,,,,,,,
2011,Nov,187.0,30.7,23.9,Thaikkatussery,2.23,1.06,Coastal Alluvium,,,,,,,,
2011,Nov,187.0,30.7,23.9,Veliyanad,0.84,0.45,Riverine Alluvium,,,,,,,,
2011,Dec,52.0,30.7,23.9,Ambalapuzha,2.2,1.1,Coastal Alluvium,,,,,,,,
2011,Dec,52.0,30.7,23.9,Aryad,1.62,0.88,Coastal Alluvium,,,,,,,,
2011,Dec,52.0,30.7,23.9,Bharanikkavu,7.91,6.27,Lateritic Soil,,,,,,,,
2011,Dec,52.0,30.7,23.9,Champakulam,1.5,0.44,Riverine Alluvium,,,,,,,,
2011,Dec,52.0,30.7,23.9,Chengannur,4.36,2.78,Lateritic Soil,,,,,,,,
2011,Dec,52.0,30.7,23.9,Haripad,1.65,0.71,Coastal Alluvium,,,,,,,,
2011,Dec,52.0,30.7,23.9,Kanjikuzhy,1.71,1.12,Lateritic Soil,,,,,,,,
2011,Dec,52.0,30.7,23.9,Mavelikkara,3.34,1.7,Lateritic Soil,,,,,,,,
2011,Dec,52.0,30.7,23.9,Muthukulam,2.89,1.57,Coastal Alluvium,,,,,,,,
2011,Dec,52.0,30.7,23.9,Pattanakad,1.98,0.9,Coastal Alluvium,,,,,,,,
2011,Dec,52.0,30.7,23.9,Thaikkatussery,2.23,1.06,Coastal Alluvium,,,,,,,,
2011,Dec,52.0,30.7,23.9,Veliyanad,0.84,0.45,Riverine Alluvium,,,,,,,,
